داره,1177
کیفیت,1126
هست,1022
استفاده,876
یه,752
میشه,746
دیجیکالا,734
خریدم,704
واقعا,601
عالیه,587
میکنم,580
کار,576
میکنه,571
قیمت,552
خوبه,520
دستگاه,503
لپ,495
خرید,462
نداره,444
تاپ,430
پیشنهاد,413
راضی,407
باشه,373
اصلا,361
دیگه,351
اگه,345
ازش,343
محصول,331
سلام,329
مدل,325
صدای,318
صفحه,314
هدفون,304
اون,297
نصب,296
توی,288
صدا,286
مشکل,260
قیمتش,256
ساخت,255
فوقالعاده,237
راضیم,236
حتما,236
ویندوز,228
دوستان,227
سال,217
بگم,217
گوشی,216
گرفتم,212
نمیشه,211
تلویزیون,211
دارم,209
خوبیه,208
روز,205
بازی,203
توجه,199
رنگ,198
میده,198
باهاش,196
هستم,195
بشه,192
دوربین,192
الان,187
ماه,174
هستش,173
راحت,172
مشکلی,169
سرعت,168
گوش,168
دستم,161
اتو,161
صداش,159
سیستم,158
جنس,158
لپتاپ,158
نمایش,157
داشتم,153
نظرم,153
واسه,145
تصویر,143
ساعت,143
قرار,142
انتخاب,141
حالت,141
نمیکنه,140
بخرید,140
ارزش,140
گارانتی,139
پوست,139
اینه,137
طراحی,136
روشن,135
بودم,133
موقع,133
سبک,131
بدنه,130
دست,129
خریدش,127
موجود,127
کنه,126
رنج,126
اینو,126
سنگین,124
کلا,120
نکنید,119
برند,118
خودم,117
بسته,117
یکم,117
بازار,116
باشید,116
شک,115
صورت,115
انجام,115
آب,115
انتظار,114
سیم,114
شارژ,113
بالایی,113
قدرت,112
پایین,112
شدم,111
سری,111
کرم,111
هفته,110
کارهای,109
تقریبا,108
داخل,108
دادم,107
نکته,106
عکس,105
محصولات,102
مقایسه,101
ممنون,101
راحتی,101
تبلت,101
هزینه,100
چاپ,99
امروز,98
بیس,98
دیدم,97
میتونید,97
فیلم,97
تفال,97
بهتره,96
باتری,96
معمولی,96
حرفه,95
تازه,94
بهش,93
وصل,93
پرینتر,93
میاد,92
درست,92
لب,92
مناسبی,91
برنامه,91
برق,91
سامسونگ,90
اندازه,90
هارد,90
شگفتانگیز,90
خریداری,89
شرکت,89
بد,89
گرافیک,89
سفارش,87
توصیه,86
کیفیتش,86
امکانات,85
کنین,85
قوی,85
میشود,85
قابلیت,84
همون,84
دنبال,84
بخاطر,83
کارایی,83
عنوان,82
اذیت,82
تاب,82
مصرف,81
زیبا,81
کالا,81
عملکرد,80
هاش,80
داغ,80
گزینه,80
تشکر,80
نمیکنم,80
پوشش,80
میباشد,79
دارید,78
همراه,77
مناسبه,77
خوش,76
حرف,76
سر,76
ضعیف,75
بنده,75
تولید,75
بوش,75
نور,74
سایت,74
دارن,74
ماهه,73
جواب,73
نداشت,72
بازیهای,72
تابه,72
مخصوصا,71
مشخصات,71
هستن,70
درجه,70
نکردم,69
نشون,69
نسبتا,69
متوجه,69
قسمت,69
بگیرید,69
کن,69
دریل,69
سریع,68
تنظیم,68
نوشته,68
پد,68
تست,67
بقیه,67
تاچ,67
پودر,67
ضعف,66
ساده,66
زود,66
کمه,65
کابل,65
ماهی,65
متوسط,65
زمان,65
امیدوارم,64
خراب,64
نقاط,63
رم,63
کنترل,63
اونم,63
میشد,62
ظاهر,62
عمل,62
دقیقه,62
کارت,62
عوض,61
لذت,61
نقطه,60
براتون,60
نمیدونم,60
حس,59
وزن,59
اصلی,59
میکنید,59
مقدار,59
کمتر,59
ممکنه,59
برام,58
خاموش,58
فشار,58
بخار,58
مثلا,57
جعبه,57
کیبورد,57
تجربه,56
قبلی,56
دلیل,56
بنظرم,56
اضافه,56
رده,56
رنگش,56
داخلی,56
پول,56
خب,56
شیک,56
جارو,56
تعویض,55
ایران,55
میتونم,55
سونی,55
پشیمون,55
چین,55
براش,54
نداشته,54
شدت,54
نشده,54
بده,54
دکمه,54
میکردم,54
دوستانی,53
نداشتم,53
تحویل,53
نگه,53
دقت,53
نگاه,53
تحقیق,53
سختافزار,52
قطع,52
وقت,52
کاربردی,52
قیمتی,52
بالاست,52
حافظه,51
چی,51
یو,51
کیف,51
باطری,51
ده,51
کنن,51
ثانیه,51
بعدی,50
خریدمش,50
بدید,50
دهی,50
ندیدم,49
مدلهای,49
لطفا,49
دارمش,49
گفتن,49
بهتون,49
روزمره,49
ظرف,49
میگیره,48
اتصال,48
میکنن,48
ضعیفه,48
درصد,48
بالاتر,48
نیستم,48
حجم,48
مارک,48
ایرانی,48
خانگی,48
فروش,47
خاطر,47
وگرنه,47
جدا,47
درد,47
بالای,47
خلاصه,46
میگن,46
نمایندگی,46
میکند,46
موسیقی,46
تمیز,46
غذا,46
خودتون,45
کلید,45
سایز,45
بلند,45
قابلمه,45
کارتریج,45
خدمات,44
احساس,44
گفتم,44
چشم,44
فن,44
میدم,44
نتیجه,43
شماره,43
بازم,43
میارزه,43
قبلا,43
عکاسی,43
بررسی,43
پولی,43
کارای,43
کوچیک,43
کسایی,43
وای,43
میزنه,43
خروجی,43
پارس,43
ایراد,42
زمانی,42
میتونه,42
نهایت,42
امتحان,42
ش,42
کاربری,42
تایپ,42
هنگ,42
فریم,42
گرم,42
گرافیکی,42
انگار,42
مکش,42
فیلیپس,42
کاش,41
گرفتن,41
کف,41
عزیز,41
وسیله,41
اچدی,41
قبول,41
تنظیمات,41
روغن,41
گوشت,41
برقی,41
خدمت,40
زیباست,40
نیم,40
میخوره,40
نداشتن,40
میاره,40
کاغذ,40
روزه,40
تی,40
ست,40
نرمافزارهای,40
تره,40
خورد,40
تفکیک,40
جوش,40
خزر,40
ایجاد,39
بلندی,39
انگشت,39
نباشه,39
قصد,39
تموم,39
دیدن,39
توش,39
برندهای,39
راحته,39
موتور,39
مات,39
پورت,39
درکل,38
اینترنت,38
موبایل,38
مجموع,38
طبیعی,38
عامل,38
میکرد,38
بدستم,38
دوتا,38
هستید,38
لنز,38
نشد,38
خواهد,38
چینی,38
ایسوس,38
حداکثر,38
بهتری,38
مخصوص,38
پیچ,38
پوستم,38
زیبایی,37
صوتی,37
گیر,37
خونه,37
زنگ,37
اشتباه,37
ایکس,37
دوست,37
موزیک,37
بخرم,37
تخفیف,37
پلاستیکی,37
درب,37
منو,36
فلش,36
خشک,36
باتریش,36
کاری,36
عرض,36
نمیده,36
موس,36
اومد,36
پاک,36
میمونه,36
سیاه,36
فای,36
میخواستم,36
لبتاب,36
درایور,36
سبکه,36
ماشین,36
نیازی,35
صرفه,35
میرسه,35
میگم,35
دانلود,35
ندارن,35
کنسول,35
نمیاد,35
نازک,35
پرینت,35
مخزن,35
بنظر,34
عمر,34
خاصی,34
سخت,34
جالب,34
اچ,34
بدی,34
نیس,34
قطعات,34
پشتیبانی,34
ذکر,34
بخرین,34
گیگ,33
اجرای,33
نشه,33
جهت,33
پایینتر,33
بدرد,33
سراغ,33
ضمنا,33
زدم,33
مشکی,33
لنوو,33
سفید,33
مته,33
رسیده,32
ایرادی,32
عادی,32
عدد,32
نکرده,32
زمینه,32
پردازنده,32
شه,32
مختلف,32
حمل,32
طولانی,32
دید,32
بگیرم,32
میشن,32
زاویه,32
محیط,32
ساخته,32
بزنید,32
باند,32
مواد,32
تلوزیون,32
تلویزیونهای,32
لباس,32
باشین,31
دیده,31
خارجی,31
بابت,31
پایینه,31
میخواید,31
قوت,31
بودنش,31
بدم,31
گاهی,31
لوازم,31
خط,31
میخوام,31
ساختش,31
صدایی,31
هدفونهای,31
ضربه,30
مشابه,30
خش,30
دوام,30
قفل,30
زده,30
کلام,30
شارژر,30
پایینی,30
اولش,30
حدودا,30
موارد,30
مهمه,30
کشور,30
بلوتوث,30
کنی,30
نمیخوره,30
سیدی,30
سطح,30
دیویدی,30
نمیشید,30
حرارت,30
یخچال,30
اتوی,30
چرخ,30
نسخه,29
دقیقا,29
ممنونم,29
بیاد,29
نرم,29
تماس,29
پشیمونم,29
هندزفری,29
ظاهری,29
نرمافزار,29
میره,29
نام,29
شکل,29
زیاده,29
خرد,29
دفترچه,29
آخر,28
هارو,28
اینم,28
هدست,28
دستی,28
نمایشش,28
دیروز,28
باشم,28
روزی,28
میخواین,28
میکنی,28
نسل,28
سیمش,28
اشاره,27
براحتی,27
عیب,27
قلم,27
خدا,27
کردیم,27
بدن,27
سختافزاری,27
روزانه,27
آپدیت,27
اصل,27
میخوان,27
کامپیوتر,27
ته,27
رفته,27
ندارم,27
چندین,27
پلاستیک,27
موفق,27
بصورت,27
آهنگ,27
فرانسه,27
نان,27
رضایت,26
اپل,26
میدن,26
بردم,26
نخرید,26
صد,26
روان,26
میتونین,26
مدتی,26
سرویس,26
نظرات,26
درایو,26
حساب,26
مانیتور,26
خسته,26
شبیه,26
نقد,26
میوه,26
تفلون,26
تیغه,26
کیفیته,26
نگران,25
طریق,25
خورده,25
احتمالا,25
راست,25
هوشمند,25
اب,25
باسلام,25
اومده,25
خالی,25
تومن,25
سرعتش,25
میکشه,25
وب,25
ریز,25
زدن,25
ارزون,25
ان,25
درش,25
خلاف,25
آدم,25
گرد,25
انواع,25
شفاف,25
سنهایزر,25
پنکه,25
گوشیهای,24
فاصله,24
برنامههای,24
ویژن,24
چپ,24
باطریش,24
ریختم,24
دیوار,24
ظریف,24
دریافت,24
ارسال,24
تری,24
محصولی,24
افزایش,24
ببرید,24
قبوله,24
موضوع,24
نکنین,24
شبکههای,24
ابزار,24
درج,24
طوری,24
دیگ,24
مال,24
تیره,24
مخلوط,24
پخت,24
ظروف,24
تصمیم,23
تفاوت,23
فرق,23
جور,23
یکسال,23
مثبت,23
اینا,23
اندروید,23
اکثر,23
رابط,23
پایه,23
نکرد,23
کیفیتی,23
جوری,23
محکم,23
واقعی,23
مک,23
صورتی,23
بگیرین,23
گرونتر,23
فارسی,23
منم,23
ابعاد,23
براى,23
خارج,23
جنسش,23
چرب,23
آسیاب,23
ارتقا,22
امکاناتش,22
باکیفیت,22
خریده,22
مداوم,22
چندان,22
دردسر,22
لگ,22
پرداخت,22
ارزونتر,22
مفید,22
نویسی,22
میخرم,22
اولا,22
نظیره,22
خصوصا,22
باشن,22
شارژی,22
مونتاژ,22
استیل,22
میکنند,21
شب,21
ظرفیت,21
فعلا,21
میشید,21
برید,21
بخوره,21
کنده,21
نصف,21
میدهد,21
سالم,21
فک,21
بدین,21
ارائه,21
وجه,21
توقع,21
دهنده,21
میزان,21
کیبوردش,21
پارچه,21
قشنگ,21
میتوان,21
قهوه,21
هزار,20
ضبط,20
نرمافزاری,20
هدیه,20
ظاهرش,20
شارژش,20
دم,20
اتوماتیک,20
نباشید,20
اهمیت,20
الجی,20
نو,20
تعمیر,20
نبودم,20
مرسی,20
نمونه,20
ندارید,20
داخلش,20
ورودی,20
نکات,20
کافیه,20
کارکرد,20
واقع,20
همسرم,20
میگه,20
فاکتور,20
تاپو,20
لحظه,20
حرکت,20
دقیق,20
جزو,20
ببینید,20
طبیعیه,20
آزار,20
مشتری,20
وضوح,20
کارتن,20
نمیکنید,20
قبولی,20
نیکون,20
رنگی,20
آشپزخانه,20
کفی,20
اسپیکر,19
آیفون,19
زوم,19
مقرون,19
افت,19
جمله,19
کاربر,19
قبلیم,19
اطلاعات,19
بزرگتر,19
ساپورت,19
میخواهید,19
بعدش,19
میندازه,19
گذشت,19
حین,19
میکنیم,19
واقعاً,19
انقدر,19
قدرتمند,19
لپتاب,19
ایی,19
دکمههای,19
تون,19
مهمتر,19
پیگیری,19
قطعه,19
کاربرد,19
برسه,19
سیب,19
کردنش,19
لایه,19
جلوه,19
تصاویر,19
کیسه,19
پوستهای,19
نچسب,19
سینی,19
ظاهرا,18
جالبی,18
همش,18
قطعا,18
جون,18
عادت,18
محل,18
میداره,18
چیزش,18
عملا,18
ضد,18
مجبور,18
شو,18
نمیشود,18
فر,18
همچین,18
نمیکردم,18
اینجوری,18
زبان,18
معمولا,18
دارین,18
تاپهای,18
هستین,18
فتوشاپ,18
اقدام,18
بخوام,18
دمای,18
گیم,18
باس,18
حساس,18
حذف,18
محدوده,18
گرونه,18
مشاهده,18
فایل,18
پلیر,18
روکش,18
فرمت,18
شیر,18
توان,18
کالای,18
امپ,18
گوشتی,18
متری,17
یکبار,17
میکنین,17
اعتماد,17
مزیت,17
قشنگه,17
درضمن,17
فول,17
میکروفون,17
نکنم,17
وزنش,17
خودشون,17
کاربران,17
خواهید,17
فعال,17
نقص,17
مطمئن,17
منفی,17
اطراف,17
خواستم,17
بزرگه,17
کوتاه,17
میدین,17
چرخش,17
خودکار,17
کمیداره,17
خنک,17
معمولیه,17
نصبش,17
قویتر,17
فهمیدم,17
کوچیکه,17
خریدن,17
نفر,17
هرچی,17
بدلیل,17
بهم,17
شبکه,17
منزل,17
خاک,17
شستن,17
قالب,17
شستشو,17
رنده,17
جوهر,17
ایرفون,17
اسم,16
بالاخره,16
سنسور,16
نویز,16
برنامهها,16
ذوق,16
ارتفاع,16
باقی,16
هیچی,16
بلک,16
کوچکترین,16
ثبت,16
سالی,16
کاربردیه,16
بازیها,16
مشکلات,16
حدی,16
فضای,16
رقیب,16
کارم,16
اورجینال,16
میبره,16
سازنده,16
نخواهد,16
اندازی,16
کاملاً,16
گردی,16
فلزی,16
اینچی,16
سانت,16
محض,16
رفتن,16
همینطور,16
کوله,16
نتونستم,16
درسته,16
معتبر,16
داری,16
تونستم,16
مشکلش,16
اطمینان,16
برطرف,16
زیرش,16
ساب,16
بره,16
براق,16
هس,16
درود,16
میتوانید,16
کانن,16
س,16
کتری,16
سرخ,16
اهنگ,16
لوله,16
پاناسونیک,16
خودشو,15
نیومد,15
بجز,15
خانواده,15
داشتیم,15
نا,15
ضعفش,15
کاور,15
الانم,15
سنگینی,15
نوشتن,15
گذاشتم,15
دونه,15
دوربینهای,15
معرفی,15
قاب,15
توسط,15
عرضه,15
خونگی,15
مراجعه,15
مادرم,15
آی,15
انتقال,15
جالبه,15
شکست,15
میخواد,15
لازمه,15
آفیس,15
کیبرد,15
مینویسم,15
آسیب,15
اف,15
ضعیفی,15
مستقیم,15
قدرتش,15
هفت,15
جان,15
هسته,15
کول,15
شفافیت,15
بیت,15
شنیده,15
تعجب,15
اشکال,15
تکنولوژی,15
ایه,15
جوره,15
نمایشگر,15
مشخصه,15
هوای,15
هرچند,15
ولوم,15
جلب,15
اونایی,15
کالاهای,15
میشینه,15
هوا,15
هرگز,15
ریموت,15
بوی,15
سوراخ,15
فابریک,15
گوشتون,15
گریل,15
برش,15
ضعفی,14
شرایط,14
پلاس,14
بزرگی,14
نگرانی,14
وضعیت,14
مقابل,14
خوبش,14
حسگر,14
مقاوم,14
نمیاره,14
کاهش,14
نکنه,14
جانبی,14
انصافا,14
الکی,14
عکسها,14
برندها,14
بستگی,14
خیال,14
هاردش,14
توضیح,14
جبران,14
پلی,14
قابلیتهای,14
دستگاههای,14
فرقی,14
نصبت,14
چک,14
بوت,14
دانشجویی,14
همونطور,14
خیره,14
ترجیح,14
بخصوص,14
بمونه,14
تاحالا,14
اتاق,14
میفته,14
الی,14
میبینید,14
خوشم,14
اینتل,14
لینوکس,14
محشره,14
معلوم,14
میتونست,14
بخشه,14
میتواند,14
قدر,14
نوری,14
رنگها,14
سختی,14
تماشای,14
گذاشته,14
کیفت,14
قرمز,14
چیه,14
معروف,14
لک,14
سرد,14
جفت,14
باکس,14
سانتی,14
قطر,14
جاروبرقی,14
اره,14
بگیره,13
برخورد,13
مطلوب,13
نظرتومهمه,13
تیز,13
هاست,13
اینها,13
اولیه,13
چیش,13
لیست,13
بزارید,13
شیکه,13
افتاد,13
مرور,13
موقعی,13
مد,13
مهمترین,13
قیاس,13
رعایت,13
لکه,13
سبکی,13
کدوم,13
میدید,13
دستگاهی,13
رایگان,13
تاثیر,13
تایید,13
ادم,13
پرش,13
راحتتر,13
گذشته,13
وسایل,13
ویژگی,13
کمک,13
سازگار,13
راستی,13
همزمان,13
درستش,13
دنیا,13
بطور,13
واقعن,13
هشت,13
هی,13
تخصصی,13
اهل,13
اصلن,13
قول,13
تعریف,13
دهیش,13
وسط,13
نمیتونم,13
شنیدن,13
احتمال,13
فیلمهای,13
نیازهای,13
باتوجه,13
تصویری,13
نیستن,13
ایمنی,13
دیجیتال,13
مرجوع,13
روشنه,13
توضیحات,13
جلوگیری,13
سایزش,13
گیرنده,13
مرطوب,13
زمینی,13
قاشق,13
ماهیتابه,13
شستشوی,13
چاپش,13
تومان,12
رفع,12
یکیش,12
گرون,12
زودتر,12
گزینههای,12
موجوده,12
صبر,12
واضح,12
برخلاف,12
لباسشویی,12
عوضش,12
گوشیها,12
السیدی,12
برد,12
مدام,12
میزنم,12
مونده,12
اینقدر,12
میگیرم,12
سرفیس,12
نرمافزارها,12
مطلب,12
اختیار,12
فنی,12
بکنید,12
بریزید,12
وبگردی,12
مجزا,12
گذاشتن,12
فرستادم,12
نکردن,12
ثابت,12
ویژگیهای,12
کاره,12
رام,12
تصویرش,12
سخته,12
محدودیت,12
استاندارد,12
گول,12
سرچ,12
عالیست,12
قیمتشم,12
گیمینگ,12
یکساله,12
کد,12
دووم,12
اومدن,12
مجموعه,12
اضافی,12
کنندس,12
اداری,12
علاقه,12
لرزش,12
بلندگو,12
سنگینه,12
برعکس,12
دل,12
آداپتور,12
بگذارید,12
ایده,12
کوچکتر,12
اینترنتی,12
عمق,12
فوکوس,12
ژاپن,12
سایزهای,12
کانال,12
وان,12
چربی,12
زودپز,12
بیسش,12
وات,12
آبمیوه,12
کمتری,11
عکسهای,11
سایتهای,11
جهانی,11
گوشه,11
نشان,11
بزرگترین,11
بیسیم,11
منتقل,11
وایرلس,11
کشید,11
حاضر,11
میشین,11
میز,11
نگفته,11
شدنش,11
اپدیت,11
بخریدش,11
براشون,11
ذره,11
برندی,11
مایکروسافت,11
متصل,11
تب,11
قدرتمندی,11
خرج,11
ایسر,11
کاراییش,11
نمیتونید,11
تاریخ,11
بشید,11
بذارید,11
بوک,11
توانایی,11
راهنمایی,11
پردازش,11
نبوده,11
نمیگیره,11
راجع,11
اوقات,11
نمیشد,11
اینچ,11
اوایل,11
متن,11
بیشترین,11
بالاتره,11
ساعته,11
جذب,11
میلی,11
تهران,11
محدود,11
دیسک,11
تک,11
پای,11
اساسدی,11
کشیده,11
مقداری,11
اعلام,11
گردن,11
نمیکرد,11
اونا,11
مچ,11
نقل,11
عید,11
چقدر,11
بخواید,11
بازه,11
علی,11
نمیتونه,11
میشم,11
آبی,11
پدش,11
گردو,11
مدلی,11
همراهش,11
بگیرن,11
ضرر,11
چراغ,11
درایورها,11
برخورداره,11
برخوردار,11
خرابی,11
مسافرت,11
تفاوتی,11
لبه,11
جلو,11
عرق,11
نگهدارنده,11
آمپر,11
بادی,11
شفافی,11
ارزان,11
بخره,11
پنکیک,11
پوسته,11
پوشانندگی,11
صاف,11
چربه,11
اونو,11
پیاز,11
برشته,11
موز,11
مصارف,11
راهنما,11
هد,11
آسان,11
هدفونی,11
ورزش,11
بیتس,11
موتورش,11
ها,10
صبح,10
نرسیده,10
قوتش,10
انتظاری,10
افتادن,10
ترک,10
گرچه,10
مشکلاتی,10
رد,10
افتاده,10
نوشتم,10
شکر,10
عملکردش,10
گرفتمش,10
ساعتها,10
پا,10
خوشبختانه,10
یکماه,10
رفتم,10
سوال,10
شماست,10
عجیب,10
م,10
مهندسی,10
گویا,10
شخصا,10
اونجا,10
رمش,10
نقره,10
طرفی,10
کارآمد,10
میدونم,10
دهید,10
حیف,10
ضخامت,10
صداهای,10
پنل,10
نصبه,10
بودجه,10
دفعه,10
مناسبیه,10
تردید,10
بهترینه,10
سرو,10
بعدا,10
عجیبه,10
لپتاپو,10
حواستون,10
فروشگاه,10
خریدتون,10
مادر,10
ایسوز,10
چندانی,10
موجودش,10
بتونید,10
مره,10
منوی,10
یدونه,10
کارتون,10
بینظیره,10
ذوقم,10
موج,10
انداز,10
نمیره,10
روشنش,10
کمکی,10
راستش,10
اینطور,10
میرسد,10
سپاس,10
میبود,10
خریدیم,10
اونقدر,10
میخریدم,10
ارزانتر,10
کانالهای,10
میریزه,10
همانطور,10
مثله,10
احترام,10
پوستتون,10
آرایش,10
خیلى,10
نفره,10
غذایی,10
لیسانس,10
تفلونش,10
دستگیره,10
تابهها,10
چینه,10
سطحش,10
چاپگر,10
صداشم,10
گوشها,10
امپلی,10
چکه,10
ساندبار,10
مرغ,10
آلمان,10
بخاری,10
خوردن,9
ترکیب,9
زور,9
اسکن,9
سرامیک,9
انگلیسی,9
نوت,9
گوشیم,9
حتماً,9
باتشکر,9
دوربینش,9
بعنوان,9
فراموش,9
شسته,9
مثه,9
دستتون,9
اتفاقی,9
بیاره,9
یخورده,9
کشیدم,9
غیره,9
مطالعه,9
چیزا,9
وقتا,9
اتمام,9
کارش,9
بچه,9
همینجا,9
پاسخ,9
مگه,9
بزنین,9
فروشنده,9
رسانی,9
فرصت,9
شگفت,9
حدودی,9
بعید,9
گارانتیش,9
سهولت,9
لمسی,9
میلیون,9
مجدد,9
محافظ,9
بدترین,9
دوسال,9
مردد,9
گفتند,9
میگرفتم,9
اصلاً,9
خواهرم,9
حق,9
خوندن,9
خبری,9
هرجا,9
کلیک,9
نگهداری,9
توقف,9
محصولو,9
دما,9
های,9
اساسی,9
خریدنش,9
پشتی,9
واسم,9
گرافیکش,9
پست,9
فرض,9
فایلهای,9
بشدت,9
پاور,9
درمورد,9
نمیرسه,9
حرفی,9
مثال,9
شکسته,9
مربوطه,9
ایرادش,9
دستگاهها,9
دیر,9
قدری,9
قضیه,9
ارتباط,9
باد,9
کنتراست,9
خوندم,9
ملی,9
کارکردن,9
میدی,9
پارسال,9
نظرمو,9
مبدل,9
برگ,9
سلیقه,9
وقته,9
همشون,9
مبلغ,9
صرفا,9
رنگهای,9
بخواهید,9
انرژی,9
نمیکند,9
یخ,9
دوستام,9
طراحیش,9
ازین,9
برآورده,9
طرح,9
بیرونی,9
شون,9
چسبیده,9
پاره,9
لق,9
شل,9
کنندست,9
اندازش,9
سام,9
خودمون,9
بالاس,9
عزیزی,9
چنانچه,9
مربع,9
تراز,9
نخ,9
ماندگاری,9
کانسیلر,9
پوستای,9
لباسها,9
حفظ,9
برنج,9
کیپ,9
تند,9
فرانسوی,9
آهن,9
لیوان,9
راهنمای,9
کاتریج,9
مادیران,9
بم,9
چکشی,9
کنش,9
مکشش,9
بخاردهی,9
پریز,9
چای,9
خوشحالم,8
سریعا,8
زمین,8
فیلمبرداری,8
پرو,8
عکسای,8
بخریم,8
شخصه,8
مگر,8
عقب,8
پشتش,8
خوده,8
یدک,8
امید,8
نیومده,8
سوخت,8
آخ,8
جوابگو,8
بهبود,8
مودم,8
بتونه,8
اینکار,8
عبارت,8
هدر,8
رندر,8
فراوان,8
اونجایی,8
اطلاع,8
ندارین,8
چندتا,8
متاسفم,8
تاکید,8
تاچش,8
رابطه,8
قضاوت,8
رزولوشن,8
بیشتره,8
وقتها,8
بلد,8
ناراضی,8
بالاتری,8
فرکانس,8
باریک,8
نوار,8
نمیتوان,8
نبودن,8
باشی,8
باشیم,8
میپوشونه,8
بازدهی,8
بدنش,8
پورتها,8
کانفیگ,8
لطف,8
کردی,8
معلومه,8
لبتاپ,8
اخر,8
بالاترین,8
آمازون,8
ماوس,8
گاز,8
سریهای,8
میدونستم,8
کشورهای,8
دسترسی,8
باش,8
زنده,8
محترم,8
وکیفیت,8
جابجا,8
میخرید,8
مرسیدیجیکالا,8
کوچولو,8
دوما,8
میگیرد,8
افتضاح,8
ازشون,8
مواردی,8
کامنت,8
کیس,8
هاشون,8
اقوام,8
کپی,8
هاشو,8
لود,8
برچسب,8
بزنی,8
اونی,8
خانمم,8
خریدار,8
پولتون,8
نمیارزه,8
واز,8
جداگانه,8
گرمای,8
متوسطه,8
اشتباهی,8
اید,8
خروج,8
کجا,8
فیلتر,8
کیت,8
تلویزیونها,8
کره,8
متریال,8
فیک,8
محصولاتش,8
گلدیران,8
یکدست,8
منافذ,8
فاقد,8
قبلش,8
کیک,8
ترکیه,8
بکار,8
حک,8
غذای,8
همزن,8
ابر,8
خانه,8
برگه,8
لیزری,8
کارا,8
راک,8
گوشم,8
بستم,8
اروپا,8
مولینکس,8
جک,8
جاروی,8
توستر,8
کوب,8
دکر,8
نون,8
آلمانی,8
فرز,8
پلوپز,8
منحصر,7
تشخیص,7
تاریکی,7
تستش,7
ناامید,7
اپ,7
بدتر,7
نهایتا,7
جابجایی,7
همگی,7
بارها,7
اکثرا,7
سفت,7
موردی,7
روون,7
بلا,7
برایم,7
دوساله,7
دلیلش,7
جیب,7
محیطهای,7
نت,7
هنوزم,7
خیلیها,7
حسابی,7
نازکه,7
گوگل,7
کلمه,7
بلاخره,7
جورایی,7
تاثیری,7
اولی,7
مرتب,7
آشپزخونه,7
پسر,7
ببینم,7
جزئیات,7
کمترین,7
سیستمهای,7
مطرح,7
معایب,7
هنگی,7
شارژدهی,7
توشیبا,7
تبلتی,7
جستجو,7
کمبود,7
گیرم,7
مسئله,7
آنتی,7
ویروس,7
خواستین,7
درگاه,7
پاسخگویی,7
خریدشو,7
تجهیزات,7
میپره,7
پیکسل,7
انتظارات,7
نرید,7
خرابه,7
نخورید,7
مواقع,7
عیبش,7
بزنه,7
ضمانت,7
بگیر,7
شانس,7
ببخشید,7
مارکهای,7
عاشق,7
نداریم,7
تایم,7
واس,7
هوشمنده,7
کندی,7
مدلو,7
نسب,7
میسوزه,7
تاپها,7
نخریدم,7
باتریشم,7
قویه,7
فرستادن,7
نمیکنن,7
اسکرین,7
تابستون,7
خستگی,7
گه,7
مطلوبی,7
حتمن,7
متناسب,7
هنگامیکه,7
توى,7
مشخصاتش,7
دیجى,7
هاى,7
ارزششو,7
میتونی,7
حجمش,7
درایورهای,7
بیارید,7
کنندگی,7
برادرم,7
پلمپ,7
شرکتی,7
صداست,7
خوبن,7
باور,7
معقولی,7
ناموجود,7
دستش,7
یادتون,7
خوبیش,7
کلیدها,7
بلندگوها,7
دکمهها,7
بدیش,7
شکیل,7
چیزای,7
دوستی,7
شدید,7
شناخته,7
میداد,7
مولتی,7
نمودم,7
رسیدم,7
اسلات,7
افتضاحه,7
همینه,7
دوستمون,7
ینی,7
تاخیر,7
پرسنل,7
فراهم,7
کارو,7
مردم,7
هرکی,7
منکه,7
جایگزین,7
اندکی,7
خواهش,7
انتخابه,7
آش,7
جوریه,7
نخوره,7
دوبار,7
آوردن,7
آینه,7
بدونید,7
صنعت,7
کباب,7
دومین,7
اثری,7
کی,7
تمومه,7
اینچه,7
میکردن,7
مراتب,7
احتیاط,7
متوسطی,7
عزیزان,7
پیشرفته,7
آپشنهای,7
بردن,7
تعبیه,7
وبه,7
کش,7
صدمه,7
جمهوری,7
تعصب,7
بخرن,7
فلیپس,7
خشکی,7
سفیده,7
تیرهتر,7
ارایش,7
کثیف,7
دوسش,7
شیشه,7
بو,7
فلز,7
میدادم,7
سبزیجات,7
میچسبه,7
بزارین,7
کفش,7
سبزی,7
زندگی,7
گرما,7
گم,7
کابینت,7
گلاسه,7
رادیو,7
متال,7
خیس,7
چفت,7
هدفونها,7
کمال,7
ریجن,7
صداشو,7
تفالهها,7
کیفیتتر,7
تیغهها,7
باربری,7
طعم,7
کشی,7
زنجیر,7
طلایی,6
دسترس,6
اندرویدی,6
چهره,6
امنیت,6
گیگابایت,6
استحکام,6
آپدیتهای,6
یادم,6
مگاپیکسل,6
سنگ,6
لبههای,6
پذیر,6
قلمش,6
هماهنگ,6
امکاناتی,6
هک,6
نصفه,6
خبر,6
هیچوقت,6
نیاورد,6
مموری,6
ریست,6
مدیا,6
هرکاری,6
یهو,6
بخواین,6
سنگینترین,6
ادامه,6
استور,6
نرمافزارش,6
بندازید,6
اعصاب,6
مشکلو,6
قدیم,6
ویندوزی,6
مکالمه,6
بعداز,6
کنون,6
بعضیها,6
صفر,6
اماده,6
اجازه,6
بهمراه,6
رسیدگی,6
میگردد,6
خیالتون,6
نشدن,6
پولش,6
میتونستم,6
هاله,6
ا,6
عالیی,6
ه,6
روشنایی,6
مخصوصاً,6
نشدم,6
کتاب,6
سوخته,6
مجهز,6
کارها,6
کامپیوتری,6
چشمتون,6
کور,6
کمیبیشتر,6
دوره,6
صفحات,6
درپوش,6
میداشت,6
متعددی,6
اذیتتون,6
مزیته,6
اسپیکرها,6
سریعتر,6
انداختم,6
ویندوزه,6
لپتاپه,6
ساکت,6
منتظر,6
فردا,6
لپتاپی,6
تاپی,6
مکس,6
گیره,6
میگردید,6
دانشجوی,6
میتونن,6
دوستم,6
نظری,6
نره,6
القا,6
تکرار,6
اقلام,6
گله,6
حملش,6
جاهای,6
اتفاق,6
کارهایی,6
لایک,6
بریم,6
دستمال,6
کیفش,6
بری,6
لپتاپهای,6
منی,6
نویس,6
پولمو,6
پایان,6
قدرتمنده,6
تنوع,6
میبینی,6
فشرده,6
پنجره,6
فرمتهای,6
ویدیویی,6
بکشید,6
میگشتم,6
سبز,6
مدلای,6
سایتها,6
خوردم,6
واستون,6
خریدی,6
برنده,6
خرده,6
بیفته,6
منطقی,6
ایش,6
ماله,6
ابزارهای,6
شاخه,6
دوشاخه,6
والا,6
عجیبی,6
ندید,6
یاعلی,6
تکه,6
خداروشکر,6
پارتیشن,6
اعداد,6
آل,6
پیشنهادش,6
گذاشت,6
تعریفی,6
مسلما,6
هاشم,6
آورده,6
مبلغی,6
آپشن,6
مانع,6
چوب,6
بشن,6
بافت,6
مهر,6
مثبتش,6
دیگش,6
امواج,6
ببرین,6
پرس,6
پشیمان,6
هفتس,6
ماته,6
آفتاب,6
دویست,6
واقعیت,6
اتصالات,6
تکون,6
امتحانش,6
قسمتهای,6
مراقب,6
منظورم,6
معرکه,6
برس,6
جزییات,6
کانکت,6
میوفته,6
داشتنی,6
خریداران,6
برتر,6
نمود,6
ملاک,6
دیدیم,6
کلاه,6
امین,6
دونستم,6
نصاب,6
کانالها,6
ادب,6
کلن,6
انطباق,6
کاندلا,6
علیرغم,6
مخملی,6
یکنواخت,6
نمیماسه,6
پودری,6
پودرهای,6
مى,6
خشکه,6
مغازه,6
شست,6
معقول,6
کیفیتشم,6
دارا,6
نمیندازه,6
راضیه,6
بزرگتره,6
چاقوی,6
چاقو,6
فرم,6
وافل,6
امد,6
دجی,6
جنسهای,6
اجاق,6
کفگیر,6
زیادش,6
شعله,6
مدرن,6
کیفی,6
سابقه,6
بى,6
اصلى,6
رقابت,6
عمودی,6
کابلش,6
زن,6
کارتریجش,6
ور,6
میآید,6
افشان,6
مکمل,6
سیمها,6
آمپ,6
کنوود,6
پرقدرت,6
پاپ,6
شهرستان,6
اینجور,6
سو,6
امپیلی,6
زدایی,6
کاتالوگ,6
کمپانی,6
سبد,6
کیلوگرم,6
قطعی,6
ترازو,6
هود,6
قوری,6
محفظه,6
رسوب,6
اتوکشی,6
حمایت,6
متههای,6
هرز,6
ترموستات,6
محافظت,5
تغییرات,5
میگیرید,5
اعمال,5
میرفت,5
یکسان,5
استفادههای,5
مشتریان,5
متفاوتی,5
شکستگی,5
معنا,5
لمس,5
سلامتی,5
اینطوری,5
بریده,5
پیام,5
موبایلی,5
بیارین,5
مث,5
یبار,5
شلوار,5
توجهی,5
مختلفی,5
میدونید,5
گوشیتون,5
سایه,5
میبرم,5
پرداختی,5
وبرای,5
خداییش,5
قابش,5
فعالیت,5
امکانش,5
ظرافت,5
مدتها,5
باکیفیتی,5
ارزشش,5
تبلتهای,5
نتونید,5
اونها,5
دلار,5
دستگاهتون,5
فعلی,5
متعدد,5
پردازشگر,5
کلاس,5
زیبای,5
سرتر,5
نمیدم,5
آیپد,5
خودمم,5
لی,5
دوستانم,5
دوس,5
برین,5
بهره,5
خوراک,5
مالی,5
زرد,5
فضا,5
متشکرم,5
بذارین,5
مدیریت,5
چیزه,5
میدارد,5
متنوع,5
میزنی,5
میذارم,5
بعلاوه,5
بیست,5
ورود,5
طبیعتا,5
قیمتهای,5
تکان,5
بازده,5
فیفا,5
تومنی,5
قیمته,5
آسون,5
سفیدش,5
تدوین,5
قسمتی,5
دیدش,5
خیر,5
خم,5
نرمال,5
برده,5
عملیات,5
یاد,5
باتریهای,5
معمول,5
قشنگی,5
نمیشن,5
نداده,5
اگرم,5
کلیپ,5
استند,5
هام,5
خالیه,5
پیشنهادم,5
تامین,5
مزیتهای,5
اشغال,5
اوبونتو,5
ابعادش,5
ترا,5
حتا,5
چیزیه,5
شناسایی,5
نشن,5
میکشید,5
وسواس,5
سالن,5
وخیلی,5
منطقه,5
احتیاج,5
بغل,5
روبرو,5
آرم,5
صفحش,5
مجبورم,5
آموزش,5
امور,5
چیزها,5
خانوادگی,5
آخه,5
بایوس,5
منه,5
الکترونیکی,5
شنیدم,5
عالیش,5
مجبورید,5
نشانگر,5
یوتیوب,5
خدمتتون,5
سنتی,5
بهرحال,5
رتبه,5
مطمئنم,5
خیلیا,5
فلزیه,5
دوبرابر,5
میدونه,5
بچهها,5
نمیخوان,5
برن,5
تار,5
فرو,5
میرود,5
ظریفه,5
تلویزون,5
ر,5
حساسیت,5
جهان,5
کوتاهی,5
لایت,5
هربار,5
نمره,5
دفتر,5
تلاش,5
ساعتی,5
راضیتون,5
آنچنان,5
قاعدتا,5
کارآیی,5
اونهم,5
کوچیکتر,5
نظراتی,5
شیکی,5
شبکهها,5
اقتصادی,5
اکسترنال,5
آنتن,5
دراز,5
برندش,5
نگرفتم,5
چندبار,5
خوشحال,5
ببندین,5
میزنین,5
میشوند,5
تیکه,5
ریختن,5
کنسولی,5
بلوری,5
آماده,5
ریخته,5
ردیف,5
راهی,5
بینی,5
وهم,5
بتونم,5
بفرستم,5
بدست,5
شدیدا,5
نشود,5
اینبار,5
تقریبن,5
اپتیکال,5
بازش,5
جالبش,5
تخت,5
بدهید,5
جاش,5
فناوری,5
ذخیره,5
تخصص,5
عکاس,5
ایزوی,5
نکاتی,5
حسن,5
تایمر,5
گیج,5
اینصورت,5
پیچی,5
میلیمتر,5
تصور,5
کارامد,5
برگشت,5
مینماید,5
قید,5
دیواری,5
لطفاً,5
روح,5
دردتون,5
نجات,5
میگذره,5
بردیم,5
حضور,5
عینک,5
بذاره,5
کنترلش,5
میگفت,5
مخصوصن,5
هرکسی,5
صورتم,5
برنزه,5
دایره,5
قوطی,5
پرده,5
ایشون,5
هایلایتر,5
متفاوته,5
سبزه,5
ملایم,5
پوستمو,5
ایمن,5
بس,5
ارسالی,5
ازاین,5
اصولا,5
مویی,5
ورق,5
پز,5
روکشش,5
ارزونتره,5
سالها,5
فرورفتگی,5
طبخ,5
مامانم,5
چسب,5
کندن,5
بگیری,5
کمیکه,5
ابری,5
حرارتی,5
متفرقه,5
مرغوب,5
آمریکا,5
نکنند,5
میلرزه,5
میدهم,5
سوار,5
مصرفش,5
پرینترهای,5
دورو,5
بخونید,5
ذهن,5
اصلیش,5
اصلاح,5
عیبی,5
پایونر,5
میکروفن,5
رفتار,5
سبکهای,5
اکولایزر,5
هندزفریهای,5
استیشن,5
نکنن,5
میدرنج,5
فایر,5
بالانس,5
ضخیم,5
پایونیر,5
وَ,5
کارد,5
شلوغ,5
پارچ,5
خواهشمندم,5
سینمای,5
هیپ,5
هاپ,5
تلفن,5
ساند,5
فرش,5
کارخانه,5
سرمایش,5
لباسهای,5
لیتر,5
چروک,5
کتان,5
سالاد,5
تیغههای,5
خردکن,5
المنت,5
تیغ,5
اتوهای,5
سیمهای,5
نشتی,5
سریها,5
متهها,5
مینی,5
میگیرند,5
پاکسازی,5
غذاساز,5
بوشه,5
گوشتهای,5
ستاره,5
دیوالت,5
مجارستان,5
رونیکس,5
شکستن,4
گلس,4
کاملش,4
گیگابایتی,4
مثبتی,4
دلیلی,4
سلفی,4
افکت,4
بیام,4
گشتم,4
ویدئو,4
استانداردهای,4
همخوانی,4
زننده,4
اخیرا,4
آشنا,4
زیباییه,4
میگیرن,4
سریعه,4
خیابون,4
کلیه,4
گوشیه,4
تفاوتش,4
هواوی,4
انلاین,4
هیچگونه,4
مرده,4
قاچاق,4
انداخته,4
دائم,4
باریکه,4
بگید,4
سرتره,4
میسوزونه,4
خواستید,4
باگ,4
چن,4
باندل,4
سادگی,4
تغذیه,4
عمرم,4
پایینش,4
اینقد,4
معادل,4
نماینده,4
کاورش,4
تبلتها,4
شرکتهای,4
اختلاف,4
الآن,4
کمرنگ,4
ببرم,4
سطل,4
میبینم,4
پوشی,4
میخره,4
متعلقات,4
آپدیتها,4
نمیمونه,4
ریستارت,4
دستکاه,4
اونقدرها,4
پاسخگو,4
خواسته,4
روتین,4
پولتونو,4
ندین,4
هاب,4
پولم,4
ایر,4
قراره,4
پسش,4
مراقبت,4
جالبتر,4
نخورده,4
تبدیلش,4
انتهای,4
مشکلتون,4
بکنه,4
احتمالاً,4
انتخابم,4
عمده,4
نم,4
آینده,4
خطا,4
پریده,4
گذار,4
خواندن,4
مقاله,4
اجباری,4
قشنگتر,4
بکنم,4
روهم,4
ارایه,4
سرهم,4
کشیدن,4
باهم,4
بهینه,4
زودی,4
رقبا,4
محصوله,4
نخور,4
قرارگیری,4
فشردن,4
ننوشته,4
پیوش,4
اتوکد,4
محاسبات,4
رندرینگ,4
ری,4
روزهای,4
نقصی,4
جدیدترین,4
بلندگوهاش,4
یدکی,4
اوری,4
بشنوید,4
اینجاس,4
کله,4
موقعها,4
میرن,4
خواهند,4
جم,4
حتى,4
تاپه,4
دقیقتر,4
رشته,4
خوبم,4
درستی,4
بخری,4
مدرسه,4
وصلش,4
بردارید,4
مثلاً,4
بای,4
کلیدهای,4
عزیزانی,4
پره,4
بیتی,4
تغییری,4
حسابداری,4
نمیباشد,4
محدودی,4
جلوی,4
الله,4
نیازهاتون,4
کال,4
کمتره,4
میزنن,4
دانشجوها,4
بندیش,4
میگند,4
فرایند,4
عایق,4
نسبتاً,4
کلاً,4
پلاستیکه,4
دوماهه,4
میخورد,4
نمودن,4
اچار,4
حوصله,4
بازیای,4
اندک,4
بلافاصله,4
ووفر,4
مبتدی,4
رایتر,4
میکشم,4
منتظرم,4
برقرار,4
نمایشه,4
زحمت,4
عالیییی,4
جو,4
ترابایت,4
چنگی,4
نمیزنه,4
کالاف,4
آروم,4
دستت,4
بهت,4
کیفیتیه,4
پوشه,4
مرحله,4
تیک,4
برسیم,4
اگرچه,4
فکرشم,4
ویدیو,4
سون,4
مو,4
گرنه,4
متخصص,4
انتظارم,4
ویندز,4
ریسک,4
پک,4
ندادم,4
چشمک,4
دستگاهه,4
درایورش,4
کردنه,4
انداختن,4
نمیدهد,4
اشیا,4
جاهایی,4
میلیونی,4
گردش,4
حالیکه,4
آنلاین,4
ناراحتم,4
پیک,4
بگه,4
ببینیم,4
میماند,4
روشون,4
درمیاد,4
مزایای,4
مایع,4
خریدید,4
نیستید,4
دقیقی,4
بیاید,4
بدرود,4
مونیتور,4
برابری,4
آنرا,4
آسونه,4
سفر,4
محکمیداره,4
صورتیکه,4
فراوانی,4
بزنم,4
مناسبش,4
رویه,4
دوستش,4
ببینی,4
رنگاش,4
نریزید,4
جهات,4
سالمه,4
کالارو,4
مند,4
کس,4
فروشش,4
کهنه,4
نیاد,4
خانمها,4
تیزه,4
اسباب,4
جنسی,4
بودنشه,4
بدنبال,4
عکسا,4
ببینه,4
نمیکنند,4
زیباتر,4
نیازمند,4
قبیل,4
چینیه,4
میخام,4
اقل,4
نید,4
فور,4
اروپایی,4
کماکان,4
جذاب,4
وتا,4
کارکردش,4
معنی,4
ودر,4
قسمتش,4
رقبای,4
بخر,4
قطعاتش,4
فروردین,4
آقا,4
طوریکه,4
دنبالش,4
ناراحت,4
ِ,4
بازهم,4
کیلو,4
وقتیه,4
نانو,4
میپردازید,4
ابن,4
اشکالش,4
میخوایین,4
برتری,4
گیرش,4
جذابیت,4
فیلمها,4
نمیتونین,4
سلامت,4
افکتهای,4
حالتی,4
معنای,4
کودک,4
دوربینها,4
کمیهم,4
بجای,4
نخواهید,4
صفحهها,4
مستند,4
اتوفوکوس,4
نورسنجی,4
طبیعت,4
اجناس,4
دریچه,4
مشکله,4
باتشکراز,4
کیفیتشون,4
تأخیر,4
هوشمندش,4
خمیده,4
کاملی,4
گمراهی,4
خاکستریه,4
گران,4
براکت,4
نمایندگیش,4
میشی,4
کامپوننت,4
ولى,4
مکانی,4
خاصیت,4
یکیه,4
نمونههای,4
حلی,4
مدلش,4
بیکیفیت,4
جادویی,4
طبقه,4
اولم,4
کاستی,4
سفیدی,4
میخواهم,4
نزدم,4
ماندگاریشم,4
پنکک,4
خوشگله,4
پرایمر,4
تن,4
عکسه,4
پوستشون,4
بورژوا,4
ماندگاریش,4
درخشش,4
مختلط,4
روشنی,4
خوشرنگ,4
میکس,4
رقیقه,4
خریدشون,4
تازگی,4
سرما,4
لورآل,4
چروکها,4
لطیف,4
ریمل,4
مختلطه,4
پیداش,4
گندمیه,4
تیرگی,4
نمیافته,4
برآمدگی,4
بزنن,4
مهمونی,4
آوردم,4
رضایتبخش,4
خانوادههای,4
کفه,4
شوید,4
شدنم,4
نمیسوزه,4
بطری,4
شکنندگی,4
تابههای,4
قابلمهها,4
زرساب,4
نمیریزه,4
مگنتها,4
انتظارش,4
اشپزی,4
کا,4
اینهمه,4
نمیدادم,4
دخترم,4
چکش,4
دهنه,4
مانندی,4
ابرهای,4
آبکشی,4
پختم,4
سوپاپ,4
کفایت,4
انگیز,4
آهنربا,4
دباره,4
پشیمونی,4
سب,4
میانه,4
طرحش,4
ظرفهاى,4
مدنظر,4
بشند,4
گی,4
فرنچ,4
خودتونو,4
بیوفته,4
اسکنر,4
پرینترو,4
جوهرهای,4
ار,4
کارتریجهای,4
فروخته,4
اپسون,4
اسپری,4
مکث,4
سونیه,4
باری,4
گره,4
لامپ,4
دامنه,4
صدارو,4
میکروفونش,4
باندها,4
نکشید,4
براورده,4
دویدن,4
قل,4
اهنگهای,4
رادیویی,4
وجمع,4
خواننده,4
مزاحمت,4
آمپلی,4
بیرداینامیک,4
گوشهای,4
مالزی,4
عزیزم,4
مگاهرتز,4
لیتری,4
آهنگهای,4
هنذفری,4
موزیکهای,4
کنترلر,4
کمپرسور,4
نشید,4
شمال,4
فریزر,4
صداها,4
شرطی,4
آزاد,4
لباسو,4
میخاد,4
شکی,4
اطو,4
فری,4
ساید,4
دالبی,4
پختن,4
سنج,4
برندای,4
شویی,4
فوقانی,4
صحبت,4
پیچها,4
نیفتاد,4
تزریق,4
تیزی,4
دود,4
فوری,4
زیتون,4
پایههای,4
مناسبتر,4
اتوها,4
کتلت,4
ظرفش,4
اندازههای,4
کاسه,4
ایزوله,4
دنده,4
له,4
یاماها,4
هدفونتون,4
استیلش,4
اسانسوری,4
پوره,4
پنیر,4
سوراخکاری,4
هویج,4
سرعته,4
جویی,4
کشش,4
دریلهای,4
نظام,4
رسوند,4
فلزات,4
کت,4
بخارش,4
کالاها,4
المانی,4
فلاسک,4
علف,4
علفهای,4
چمن,4
سیار,4
آدمو,4
مکندگی,4
دمندگی,4
گشتاور,4
هیتر,4
هیلتی,4
پرکیش,4
زنجیری,4
آچار,4
ابزاری,4
ایفون,3
پکیج,3
مواظب,3
بوکه,3
قابلیتی,3
ایموجی,3
همرو,3
خواست,3
بزاره,3
دیتا,3
چندباری,3
منتهی,3
حلش,3
اشکالی,3
گلکسی,3
جزئی,3
برداشته,3
سیمکارت,3
کسری,3
مشکیش,3
جاها,3
بخرند,3
اسمارت,3
تماسها,3
بیهای,3
کاملترین,3
تقریباً,3
میخوای,3
حالم,3
ذهنم,3
اخ,3
بلنده,3
گوشیا,3
همراش,3
بصرفه,3
مرگ,3
بخواد,3
اجراش,3
بعیده,3
چیزاش,3
کارمو,3
شیش,3
میگیری,3
هدفن,3
جدیدا,3
دقه,3
همچیش,3
سقوط,3
بحال,3
وزنی,3
هردو,3
بروزرسانی,3
وازش,3
هیچیش,3
پسرم,3
وارم,3
ذوقتون,3
وبعد,3
نمیپسندم,3
گوی,3
لوگو,3
خعلی,3
اپلیکیشن,3
ازم,3
سایتای,3
پیچیده,3
اواخر,3
میشدم,3
هماهنگی,3
دنیای,3
اشتراک,3
آندرویدی,3
سوکت,3
میخرن,3
عاملی,3
امروزی,3
پرکاربرد,3
جدیدش,3
ترجیحا,3
مزیتی,3
ابتدای,3
کمیکند,3
سیستمش,3
کردید,3
سریال,3
پیروز,3
پاش,3
نمیزاره,3
قویش,3
ماکروسافت,3
سوختن,3
بلندگوهای,3
تصمیمم,3
مرجوعش,3
طراحان,3
گرافیست,3
گیمرها,3
تاپای,3
آلوده,3
دیفندر,3
انتقاد,3
معماری,3
نهایتاً,3
آپگرید,3
بخاید,3
قدیمیشده,3
استیله,3
یجورایی,3
میومد,3
همچی,3
شهریور,3
نمایشی,3
اروم,3
رمز,3
میتوانند,3
آخرش,3
بودیم,3
دایم,3
میون,3
دردی,3
زدیم,3
یکیشو,3
ران,3
امتیاز,3
معقوله,3
هرروز,3
بیها,3
انگاری,3
سیو,3
فراتر,3
تابهای,3
حاشیه,3
ضعیفش,3
ارور,3
چطوره,3
معیوب,3
نمیشوید,3
میفرستیم,3
منتها,3
اساس,3
تکیه,3
هه,3
پلاستیکیه,3
نازکی,3
سوزنی,3
بذارم,3
بیارن,3
گیمر,3
اسپیکرهای,3
رزولیشن,3
بکنین,3
لولای,3
لگی,3
بیارم,3
مور,3
لنگ,3
اى,3
عالى,3
اورده,3
مطمعن,3
نامه,3
یلدا,3
مناسبترین,3
فارکرای,3
دوساعت,3
پورتهای,3
گیرتون,3
جابه,3
موسش,3
نداری,3
اشتباها,3
حلبیه,3
زیباس,3
وزنشم,3
پدرم,3
میزارم,3
صدق,3
عالیترین,3
تونسته,3
درنگ,3
برسی,3
هستی,3
دیوتی,3
قیافش,3
پردازشش,3
کاربرهای,3
بدهند,3
مسخره,3
شرکتها,3
موافقم,3
میرم,3
بدونم,3
آمار,3
د,3
نموده,3
بخرینش,3
فنش,3
میل,3
زدگی,3
مهمینیست,3
آواژنگ,3
وبا,3
دوماه,3
زدتون,3
رنگه,3
اوصاف,3
انتخابتون,3
محشر,3
آمدن,3
میکشد,3
بتوان,3
کارامو,3
کاملتر,3
بهترن,3
نمیکنی,3
برم,3
مالتی,3
اختصاصی,3
قیافه,3
تمیزش,3
درحالی,3
فرستاد,3
بردارم,3
اخه,3
میخرمش,3
سفیدشو,3
نحوی,3
غلظت,3
بیصدا,3
پیو,3
کیبور,3
کارشناسان,3
ثانیا,3
بماند,3
لااقل,3
رازیم,3
خودت,3
مراحل,3
نرمه,3
بدک,3
کارتنش,3
دفتری,3
نظرشون,3
دلایل,3
نکردین,3
سازگاری,3
فایده,3
ضعفهای,3
ضعیفتر,3
کمیاز,3
میخوند,3
دلچسب,3
مقاومیداره,3
فضایی,3
مترو,3
خواهم,3
اصطلاح,3
تمامیدرایورها,3
امسال,3
نگاهی,3
منعکس,3
کنترلی,3
واون,3
تستهای,3
رایج,3
نبودنش,3
ن,3
نمیخام,3
نخورد,3
سختافزارش,3
کسب,3
ساختار,3
نده,3
عامله,3
میخواهد,3
درگیر,3
بطوری,3
شناختی,3
بیاری,3
ارزانترین,3
پردازشی,3
پردازندههای,3
پنجم,3
نویزی,3
هفتست,3
میدونن,3
خرخر,3
چیزیش,3
اذیتم,3
درایوراش,3
برادر,3
گارانتیه,3
سره,3
خیییلی,3
دانشجو,3
برایتان,3
بدیم,3
میکشی,3
قدرتی,3
دلزده,3
نرسید,3
درحد,3
تبلیغات,3
تعدادی,3
فریز,3
کردنشون,3
تجربیات,3
توجیه,3
وا,3
لبتابی,3
نطرم,3
فیزیکی,3
برو,3
اموزش,3
انتخابش,3
تلگرام,3
اخرین,3
بفروشمش,3
چپش,3
نمیداره,3
فرستادمش,3
تعمیرش,3
صحت,3
کاربردهای,3
همونجور,3
آبیه,3
شدیم,3
میخان,3
ببری,3
ایکاش,3
مزایا,3
میخاین,3
شایدم,3
عکسایی,3
آرام,3
کمیلگ,3
مدلها,3
برجسته,3
نمیشین,3
گرانتر,3
بشم,3
فایش,3
همراهان,3
نباشین,3
بسوزه,3
شمارو,3
شخص,3
فلک,3
میشنوین,3
اورد,3
نمیتونی,3
بخیر,3
اندرکاران,3
رقباش,3
خیلیی,3
استراحت,3
قویترین,3
صداس,3
اینترنتش,3
چجوری,3
موردش,3
بایاس,3
طرفش,3
تحمله,3
بعدشم,3
اصولی,3
انصاف,3
گل,3
میخوایید,3
نمیتونن,3
نمیاورد,3
پولشو,3
بش,3
همینم,3
همینطوره,3
دیزاین,3
پدر,3
مشکیشو,3
تحمل,3
اینحال,3
طبع,3
مشترک,3
مایعات,3
واتی,3
خدایی,3
نظرها,3
ردههای,3
وبسایت,3
واسش,3
بینهایت,3
جرات,3
مشکیه,3
قدرتمندتر,3
کردین,3
فکرش,3
مستعد,3
بخوبی,3
فاجعه,3
تقلبی,3
دمتون,3
ضدضربه,3
چرخان,3
دیجیتالی,3
کامپکت,3
ماکرو,3
جدیدتر,3
متعجب,3
چشمم,3
ژاپنه,3
راحتیه,3
اصالت,3
دوربینو,3
اونجوری,3
عکسبرداری,3
ارگونومیبسیار,3
عوامل,3
دیافراگم,3
لنزها,3
گردید,3
کمیدر,3
همانند,3
فلاش,3
بافر,3
متوالی,3
موثر,3
افزوده,3
مطمئنا,3
تناسب,3
میزد,3
دریا,3
موقعیت,3
میلیمتری,3
استفادۀ,3
مستقل,3
انتها,3
راجب,3
گرونترین,3
واقا,3
فضاهای,3
تلویزیونی,3
مدنظرم,3
الکترونیک,3
کنندههای,3
درهنگام,3
میاورد,3
سویچ,3
حسب,3
دستگاهای,3
سیاهه,3
مرکزی,3
فیبر,3
کابلی,3
چسبیدن,3
مجموعا,3
نکن,3
تیزن,3
بزرگنمایی,3
خطو,3
قدیمیتر,3
کنترلهای,3
نمایندگى,3
اکتیو,3
فیلترهای,3
تیر,3
چندروزه,3
قیمش,3
امکاناتشم,3
اونای,3
کنندش,3
میبریم,3
جایگزینی,3
مهمتره,3
نخرین,3
متره,3
حساسه,3
سفیدشون,3
الباقی,3
شاداب,3
برندهاى,3
اوله,3
ماسیدگی,3
تیرس,3
ازخریدم,3
مصنوعی,3
لیفت,3
رایحه,3
لورال,3
انها,3
پوستی,3
نمیبینه,3
تنهایی,3
نمیخرم,3
پوستمه,3
میماسه,3
زدی,3
کدر,3
بدش,3
رنگشو,3
خوشرنگه,3
روشنتر,3
صورتو,3
عطر,3
دهندگیش,3
بازگشت,3
نمیشینه,3
سالهاست,3
عروسی,3
سینره,3
ژل,3
نمای,3
شوینده,3
نرن,3
ایرانیها,3
براقی,3
کوچیکتره,3
انقد,3
خارش,3
طیف,3
میبلین,3
بجا,3
میزاره,3
خوبى,3
انچنانی,3
عالین,3
اصن,3
راحتى,3
نرمیداره,3
خارهای,3
ظرفی,3
میافتد,3
کیفین,3
خورشت,3
ضروری,3
عمقش,3
دراه,3
سیلیکونی,3
وحشتناک,3
خشی,3
کارکرده,3
میگذارید,3
دربش,3
ایرانیه,3
تفاله,3
بریزین,3
لیز,3
چوبش,3
بیضی,3
میزنند,3
کنارش,3
بنفش,3
گوجه,3
مادام,3
العمر,3
دوستانمون,3
سفارششون,3
عاااالی,3
دادیم,3
زیادشه,3
قابلمههای,3
بتازگی,3
کمیسنگین,3
برداشت,3
شستنش,3
ظرفشویی,3
میکشین,3
بکشین,3
دستگاهو,3
زودپزها,3
سادهتر,3
متعجبم,3
میخاستم,3
ندادن,3
دنباله,3
خانومم,3
مبدا,3
رحمت,3
خواننندگان,3
اسیای,3
میداردکه,3
هائی,3
چندی,3
سایتی,3
سانتیمتر,3
درک,3
مید,3
عبور,3
میخورن,3
بابد,3
مشکلم,3
هواپیما,3
اشپزخانه,3
چرخهای,3
وسبک,3
شفافه,3
جعبش,3
مصرفی,3
وجور,3
چندماه,3
نشین,3
نواحی,3
ساختم,3
شر,3
پرینترها,3
هدهای,3
دستور,3
کاغذهای,3
عاااالیه,3
اینترفیس,3
تومانی,3
خواب,3
برود,3
جوهرش,3
بخوای,3
پمپ,3
بزاری,3
محبوب,3
آ,3
نمیذاره,3
ویتنام,3
بهترینهاست,3
بهترش,3
زحمتکش,3
نشت,3
مکان,3
لاستیکی,3
میرسید,3
بلندتر,3
درصورتی,3
گوشش,3
نمیخواین,3
اجزا,3
کاریم,3
شنا,3
نفس,3
مختص,3
باشگاه,3
وقفه,3
مواقعی,3
پرتاب,3
ویبره,3
خشن,3
پسند,3
ایزولاسیون,3
کوچیکی,3
پری,3
باورم,3
شستمش,3
لاله,3
جلوتر,3
وااااقعا,3
پرتابل,3
بند,3
نامناسب,3
تقویت,3
انحصاری,3
حرکتی,3
اسپیکرو,3
وظیفه,3
هدفونو,3
حاضرم,3
افقی,3
جرعت,3
قیمتشه,3
صورتیش,3
پخته,3
فیت,3
صدام,3
لای,3
سرامیکی,3
پانزده,3
نگو,3
دوتاشو,3
نمیوفته,3
سرتون,3
کریتیو,3
رسوندن,3
خواهشا,3
دهم,3
ریتم,3
ووکال,3
شصت,3
کپ,3
کولر,3
سانتیگراد,3
گرمایشی,3
اینورتر,3
مکانیزم,3
بله,3
دى,3
زیرنویس,3
یکى,3
پتو,3
جاروهای,3
پاکت,3
غبار,3
مایکروویو,3
بگیرد,3
یخچالهای,3
پیشرفت,3
گمراه,3
گسترده,3
راصی,3
بگن,3
شوی,3
گازی,3
حداقلهای,3
باندای,3
راننده,3
فرمون,3
واتشو,3
هرچقدر,3
سایزی,3
اصرار,3
وجد,3
واحد,3
تولیدی,3
قرص,3
خازن,3
ولتاژ,3
قطره,3
اتورو,3
نبودش,3
کوبیده,3
سیر,3
فرمودند,3
میتونیم,3
هندفری,3
نیستش,3
پرتغال,3
کادو,3
اعوجاج,3
ارگونومیو,3
نواری,3
ایم,3
مطمین,3
جنوب,3
آهنگها,3
فرکانسهای,3
کاپها,3
ازت,3
پیراهن,3
نخی,3
بوجود,3
کفیش,3
نمیچسبه,3
کوچکی,3
هیچکدوم,3
خاطره,3
استندبای,3
خوشمزه,3
صادق,3
هدفونا,3
امپدانس,3
سپاسگزارم,3
پارچش,3
پرههای,3
ساندویچ,3
ولت,3
مدار,3
محکمتر,3
شور,3
رها,3
بست,3
نرسه,3
فرکانسی,3
قر,3
تولیدات,3
داراست,3
مقاومت,3
قرقره,3
درخت,3
باغچه,3
ت,3
چایی,3
کاردها,3
وطراحی,3
بزارم,3
آبگیری,3
نیوتن,3
چهارسو,3
بموقع,3
نمیدهند,3
صنعتی,3
دیگشم,3
بسرعت,3
دفعات,3
اسلونی,3
کمیفشار,3
فشاری,3
خواستیم,3
فلر,3
مجارستانه,3
اسپرسو,3
سشوار,3
منگنه,3
روخریدم,2
لوکسه,2
نسخههای,2
عنبیه,2
مطلق,2
امنیتی,2
تبلیغ,2
تقصیر,2
اینارو,2
میبنده,2
ریلود,2
خودشه,2
دوسالی,2
داشتمش,2
مکالمات,2
بیکسبی,2
عمومیو,2
دلاره,2
جدیده,2
باکیفیتتر,2
جذابتر,2
سلیقگی,2
ایستاده,2
آسفالت,2
ناجوری,2
باتریشه,2
عمرش,2
بدیاش,2
همکارام,2
خونتون,2
تم,2
چیدمان,2
پروسه,2
هنور,2
هدیهها,2
بایستی,2
ننداختم,2
استریو,2
بحث,2
گوشیرو,2
حرفها,2
دگمه,2
هکش,2
موبایلم,2
کانتکت,2
حافظش,2
کلش,2
خیلییییی,2
اندرویدش,2
دوتایی,2
واید,2
سلفیش,2
اکانت,2
اسپاتیفای,2
باطریشم,2
بعضیا,2
میگفتن,2
موزاییک,2
آسیبی,2
یکساعت,2
برمیآید,2
شیار,2
نمیصرفه,2
منتشر,2
نمیومد,2
صغحه,2
بودین,2
روت,2
بنویسید,2
بودو,2
شم,2
دقتی,2
سریش,2
مگ,2
داخلیش,2
مگی,2
کاسته,2
ارزشمنده,2
نمیتوانند,2
نقش,2
مرتفع,2
هاتون,2
صرفاً,2
اندی,2
ویندوزهای,2
پارسی,2
عملی,2
برآورد,2
بیخودی,2
نگیرید,2
لمسیه,2
گذینه,2
وضع,2
میکروسافت,2
اپلم,2
حائز,2
بگویم,2
تدریس,2
نمایند,2
سرفس,2
عصبی,2
نمیان,2
آپدیتا,2
قطعش,2
بخور,2
روونه,2
درسی,2
نویسیه,2
ترینش,2
رندرهای,2
یکسالی,2
خواهی,2
شغلم,2
دانش,2
بخاین,2
کنارهها,2
آکبند,2
تبلته,2
تظر,2
کمیاب,2
تقاضا,2
بااین,2
ازتون,2
فعاله,2
نمیچرخه,2
چطور,2
میخونم,2
تحلیلهای,2
عددی,2
عمومیبسیار,2
مکرر,2
حرفشو,2
نعمته,2
حمله,2
ضایع,2
نسوخته,2
صبور,2
جت,2
حمام,2
کمیضعیفه,2
موبایله,2
هنگه,2
شارز,2
نمایید,2
روشه,2
بالطبع,2
گشت,2
میکردی,2
آبان,2
مرورگر,2
فایرفاکس,2
قدیمیهست,2
غیرطبیعی,2
جازدن,2
اکراه,2
گزینهها,2
آغاز,2
غریب,2
چیزهایی,2
فیکس,2
فراگیر,2
نرمافزارای,2
فوتوشاپ,2
شرح,2
حواسشون,2
برمیاد,2
پدهای,2
خطری,2
تهویه,2
ترابایتی,2
جوابگوی,2
مستقیما,2
مگابایت,2
میفهمید,2
کوآر,2
میذاره,2
فرقش,2
فرفره,2
سوز,2
بعضا,2
نچسبیده,2
لقی,2
بغیر,2
بذاری,2
نمیخوام,2
گنگ,2
مارکش,2
چجوریه,2
بهترم,2
توزیعی,2
نگهش,2
فرمتش,2
سفارشش,2
عه,2
لومیون,2
رندری,2
بازتاب,2
خارجیه,2
جذابه,2
بدرفتاری,2
فنیش,2
دوهفته,2
فقظ,2
الکیه,2
حریف,2
بذارن,2
کاراش,2
میذارن,2
بشی,2
خوان,2
ضعیفن,2
نویسها,2
اعصابه,2
ریختین,2
بازیا,2
بگیم,2
آیکونها,2
لوکس,2
توضیحاتم,2
خدایش,2
زیادم,2
درخواست,2
استثنایی,2
استودیو,2
انگشتشم,2
جاگیری,2
کیفیتن,2
حدوداً,2
پرند,2
انتخابی,2
فلان,2
باکیفیته,2
اتنخاب,2
نمیخونه,2
نامرغوب,2
ساختیه,2
کالما,2
ورقه,2
تشکیل,2
تابو,2
خطرناکه,2
بیمه,2
جزیره,2
گو,2
گوهای,2
اونوقت,2
آزاردهنده,2
پایینشه,2
اطمینانی,2
عمومیعالیه,2
نیاورده,2
اساسین,2
اسپیکراش,2
موندگاری,2
درواقع,2
نظز,2
آنچنانی,2
قرا,2
زشته,2
طرفدار,2
لپتاپم,2
ببینین,2
نمیدن,2
پردازندش,2
اسلیم,2
عادیه,2
توضیحاتش,2
خطای,2
پاورش,2
شکننده,2
مواظبش,2
اوردن,2
ساختشم,2
مشخصاتی,2
خوندید,2
میاندازه,2
انتخابو,2
قادر,2
طرز,2
آلومینیوم,2
لولا,2
صرفس,2
شماهم,2
بخواییم,2
باورتون,2
درایوراشو,2
سختافزاریش,2
سختافزارها,2
عجول,2
نحو,2
مایا,2
پورتی,2
راحتترین,2
پشتیبانیش,2
نظیرش,2
بودش,2
مشاوره,2
بلعخره,2
بزای,2
رامش,2
جست,2
محاسن,2
مجددا,2
خردیم,2
وصدا,2
چپه,2
چقد,2
همراهشه,2
هرچه,2
بهر,2
ساختند,2
ویروسی,2
بتل,2
فیلد,2
خوبو,2
ببندید,2
نتایج,2
تصحیح,2
اینکارو,2
بلندیش,2
وبکمش,2
متأسفانه,2
بردمش,2
مسئولیت,2
ظاهرشم,2
ادیوس,2
بنداز,2
موندم,2
بچسبونید,2
کیبردش,2
نامید,2
جزیی,2
حالشو,2
حقیقتش,2
اطلاعاتی,2
گرافیگ,2
پرداختم,2
عاالیه,2
گیگه,2
تواین,2
اجزای,2
فرمودین,2
بقل,2
نیگا,2
میگردین,2
اشم,2
دیها,2
تحقیقی,2
نداد,2
سامسونگه,2
هرتز,2
کولپد,2
نکردنی,2
محکمتری,2
مستطیل,2
بنا,2
مختصر,2
سوپرایز,2
تینک,2
تلقی,2
مانوری,2
بخوایم,2
حقیقتا,2
منصفانه,2
نشناخت,2
دیوایس,2
منیجر,2
پ,2
بسختی,2
قدرتمندیه,2
برندهایی,2
قدرمتند,2
بکشم,2
مدیوم,2
مزخرف,2
میبرد,2
بدیهی,2
سنجی,2
بگذارم,2
سوزش,2
تندی,2
امری,2
هشتم,2
رایانه,2
پنجاه,2
ویدو,2
احتیاجی,2
هفتم,2
رقم,2
انگشته,2
راهنماییم,2
شیفت,2
کاراهای,2
هیدن,2
کارخونه,2
بریزم,2
عالییییی,2
فلت,2
تراکتور,2
نگفتن,2
شرکتمون,2
نطر,2
لبتابو,2
اینی,2
میافته,2
دلسرد,2
اقسام,2
دیفالت,2
سرعتی,2
شرایطی,2
آزارم,2
کامله,2
حروف,2
تاپتون,2
هایبرنیت,2
جیر,2
هرحال,2
بندازه,2
نتونه,2
تجملات,2
اعصابم,2
محسوس,2
دلم,2
بک,2
نوریه,2
میریزی,2
امیدم,2
بازیارو,2
کیبوردشه,2
کارشون,2
توزیع,2
مرجوعی,2
ضرب,2
میخوری,2
لمسیش,2
انگشتی,2
الا,2
مجاز,2
معطلی,2
فنشه,2
یکنواختی,2
میخورید,2
مدد,2
لحاظی,2
آوردند,2
گرفتند,2
تماسهای,2
عودت,2
درحال,2
مایل,2
فنر,2
رفتگی,2
خدماتش,2
بیا,2
حرفا,2
بنچمارک,2
دانشجویان,2
متصور,2
ورد,2
کاریش,2
پاین,2
تایپیست,2
سازندش,2
اشانتیون,2
سفارشای,2
نگش,2
یابی,2
نمیرفت,2
فرستاده,2
دغدغه,2
تمامیبازیها,2
عیار,2
نمیکشه,2
بخواهی,2
درس,2
پاویلیون,2
کاملن,2
وبکم,2
یکبارم,2
استفادم,2
عااالیه,2
مدلشه,2
تعدد,2
مرتبط,2
تئوری,2
کارمیکنه,2
رسا,2
انتخابهای,2
مصارفی,2
معمولاً,2
میدهند,2
نیازش,2
خودشم,2
ایسوسها,2
کارراه,2
عمدتا,2
تشریف,2
داستان,2
بگذریم,2
بتلفیلد,2
میرسونه,2
کساییه,2
نقدش,2
نیازه,2
مطالب,2
وهای,2
نخریدش,2
اسپید,2
مورتال,2
عمران,2
صفه,2
خاکستری,2
مشورت,2
دوستا,2
فیروزه,2
متقاعد,2
میفهمین,2
نمیشناسه,2
غرق,2
ذوب,2
صدالبته,2
عمد,2
دلتون,2
نمیکنین,2
پسندی,2
نصفش,2
خلاص,2
سطحه,2
گوشههای,2
ناقص,2
مانیتورش,2
کج,2
جذابی,2
علم,2
جنبه,2
لحیم,2
مجازی,2
درصورت,2
کثیفی,2
خوشگل,2
اصلأ,2
دهها,2
قبلاً,2
دربارش,2
بازیه,2
عالییی,2
هیج,2
رویت,2
دورش,2
خصوصیت,2
بسادگی,2
فنهای,2
وایفای,2
گاهاً,2
استارت,2
جمعه,2
فلشی,2
نواز,2
بودنشون,2
آسانی,2
ساختی,2
مطمئنن,2
تایوانه,2
جداسازی,2
انتظارشو,2
البت,2
میفهمم,2
عکسشو,2
صحفه,2
نیان,2
مجاب,2
سریعی,2
پیج,2
آپ,2
گذاشتنش,2
قاطی,2
نشی,2
روانتر,2
استعداد,2
اداپتور,2
ببره,2
میارن,2
داغون,2
چهارتا,2
میخری,2
لینک,2
سایتتان,2
رادیوهای,2
تمامیاین,2
نشسته,2
نماید,2
کرسور,2
اوپتیکال,2
انگشتان,2
برداشتن,2
ظهر,2
خریدهای,2
بالشتکهای,2
احتمالی,2
شکلی,2
بالشتک,2
بالعکس,2
نمیخواید,2
دستکاری,2
بریزه,2
حسابشو,2
تهش,2
خاموشش,2
پردازشهای,2
ملیون,2
مه,2
رنگا,2
بادوام,2
نیارین,2
بتونین,2
نکیند,2
تازگیا,2
برخوردم,2
عکسش,2
نسبی,2
نمیبینید,2
قوتی,2
خوردی,2
ازای,2
سازندگان,2
افزودن,2
جامد,2
امازون,2
موفقیت,2
بکنن,2
پیاده,2
بخونین,2
وگر,2
دهن,2
قدیمیکه,2
لنزش,2
ببینن,2
مگا,2
پیکسلی,2
زومش,2
مینویسن,2
کاملیه,2
سوپر,2
تنظیماتش,2
خدود,2
ترن,2
هنر,2
عکساش,2
منوهای,2
عکاسهای,2
گردها,2
لنزی,2
فروختم,2
تاییدی,2
میگیرین,2
والی,2
آماتور,2
دارها,2
کوچکتره,2
میسر,2
خوبیهای,2
خورشید,2
ویا,2
اطلاعی,2
تکراری,2
خوداری,2
پرکاربرده,2
خیابانی,2
ایتر,2
نورپردازی,2
پرتره,2
حالتهای,2
اتومات,2
مناطق,2
سینک,2
فواصل,2
استاپ,2
لنزهای,2
دربرابر,2
ویرایش,2
تصویربرداری,2
لایو,2
ویو,2
قیمتشون,2
منبع,2
محصولاتشون,2
تذکر,2
تمرین,2
خنگه,2
کمکتون,2
نمیتونست,2
نذارید,2
قطرات,2
تگ,2
بادیهای,2
اختصاص,2
دلیله,2
مونو,2
نقطۀ,2
تیم,2
بنویسم,2
باطریها,2
بگیریم,2
لحظات,2
نمیارزید,2
خیای,2
هالههای,2
نمیرن,2
ندلهای,2
هالهها,2
پنلشه,2
خوابها,2
توسیعه,2
فکرشین,2
خوابم,2
سرگرمیفوتبال,2
مشیمان,2
کمیفاصله,2
ازتولیدات,2
بازارداخلی,2
ارتباطی,2
درتصاویری,2
وجامیمونه,2
باقیمت,2
قدیمه,2
تقصیری,2
کانالا,2
منطقیه,2
باکیفیتیه,2
آیو,2
بزگ,2
موبایلامون,2
کیفیتهای,2
تطبیق,2
ریتینگ,2
فکو,2
فامیلی,2
اعتراف,2
حسابش,2
نظراتشان,2
مندم,2
پیکسلها,2
توجهیه,2
ایام,2
کمیبرای,2
مود,2
احتیاطی,2
ببیند,2
دوستمان,2
تلیویزیون,2
ندازه,2
کوانتوم,2
دات,2
میفهمی,2
بهترینهاااا,2
حسابت,2
مروبط,2
تاسف,2
نمیدیم,2
قسمتهایی,2
مونتاژش,2
شت,2
ببینند,2
ندهند,2
شباهتی,2
پیشه,2
شطرنجی,2
بانه,2
دنیایی,2
مدرنیه,2
تایزن,2
کامپوزیت,2
مختل,2
قدیمیتون,2
عملیاتهای,2
سازگارن,2
قلمیهستن,2
مودهای,2
سردرگمیبرای,2
خانگیش,2
بسیااااااار,2
لطفاًموجودش,2
لکههای,2
پهنتر,2
سیاهتر,2
آوردیم,2
منتظریم,2
اسپکر,2
نگرانش,2
سرمون,2
گزاشتن,2
برقشو,2
حده,2
کمیمتفاوتتر,2
نوروزی,2
میرسیم,2
پوینتر,2
کمیدل,2
قوته,2
برخوردارند,2
پسیو,2
بدان,2
معنیست,2
القای,2
میکاهد,2
هاس,2
کریستال,2
بدردنخوره,2
نداشتنش,2
نگذرید,2
کمانی,2
عمیق,2
درخشنده,2
چشمارو,2
درخشندگیش,2
یاحق,2
امکاناتشون,2
چهل,2
بسیارم,2
زیادیه,2
فروشاته,2
محصولاتشو,2
گیرندش,2
تلوزیونش,2
پسندن,2
اینچشو,2
دورههای,2
دورببنو,2
تلویزیونید,2
عیاره,2
سیگنال,2
گلدیرانی,2
نمایشگرها,2
توجیح,2
درحالت,2
پنلش,2
وظاهرش,2
خخیلی,2
بیخوده,2
نزدیکان,2
سینما,2
معناداری,2
خوشایندی,2
دلنشین,2
دیگست,2
عجب,2
بشنویم,2
بگردین,2
پلاسما,2
شبه,2
عینکهای,2
میذاشتم,2
خونمون,2
میفهمن,2
چقدره,2
همیچنین,2
سایتش,2
بعدیش,2
خوششون,2
دحد,2
هزارتومان,2
یی,2
تلویزیونم,2
آنتنی,2
آنتنهای,2
آهنربایی,2
سانته,2
نسبتن,2
فیلمایی,2
میکنتم,2
تکرنگ,2
قیمتیش,2
امبیلایت,2
شکوفاالکتریک,2
سیما,2
برگردونم,2
پنبه,2
موجودی,2
ضعفشه,2
مایه,2
گندمیروشن,2
بژ,2
کرمای,2
نمیدونید,2
حضوری,2
بزنیم,2
زردی,2
منفیش,2
درصورتیکه,2
گلوله,2
هرچیز,2
آبکیه,2
الارو,2
ترش,2
استایل,2
تابحال,2
انقضا,2
همرنگ,2
فصل,2
مینوشت,2
مخملیه,2
سختترین,2
چشمتان,2
هامو,2
درشو,2
روغنی,2
گف,2
اخبار,2
ممنوعه,2
متعادل,2
بعدازظهر,2
آخرای,2
اسمشو,2
داشتنه,2
اعضای,2
چکار,2
مردونه,2
آردن,2
صورتتون,2
چروکهای,2
پودرو,2
پوستو,2
شمارههای,2
رژگونه,2
جلوش,2
پودرش,2
مطابق,2
وکاملا,2
فرداش,2
میزدم,2
جایزه,2
برنزینگ,2
هایلایترش,2
پیشتاز,2
نمیخوابه,2
محو,2
ابا,2
میخرین,2
دلپذیری,2
بلااستفاده,2
برندشم,2
معروفه,2
نمیشم,2
فشارن,2
توپال,2
سوت,2
واژه,2
خورشهای,2
کوکو,2
کوکوی,2
گرمارو,2
هایه,2
نشنگر,2
رنگم,2
بیخودن,2
سوپ,2
بادمجون,2
نمبگیره,2
وادب,2
وغدا,2
میتوانستیم,2
غدا,2
وبیشتر,2
ماند,2
وحواسم,2
وگرانیت,2
نوشیدنی,2
کنسرو,2
ویتامینها,2
کنارهم,2
صدف,2
سانتیش,2
دولایه,2
تفالو,2
استقاده,2
موقه,2
اسفنج,2
توقعی,2
سپری,2
چندروز,2
توپیشنهاد,2
درصدارزانتر,2
وسلامت,2
ودوام,2
بخشش,2
مافین,2
مقطعش,2
تورفتگی,2
تقال,2
تفالم,2
قتلب,2
بپزه,2
اونطرف,2
کمیخمیری,2
اگرین,2
کیفیتترین,2
پشیمونن,2
یکمیسنگینه,2
دستتر,2
کارائیش,2
لاش,2
آشپزی,2
چاقویی,2
ستودنی,2
اشت,2
نیکوست,2
تابع,2
درجا,2
چسباندن,2
دومیرو,2
نمیتو,2
آشپزهای,2
زودیها,2
کوچکتری,2
بختر,2
بخارات,2
میشند,2
نمیخریدمش,2
بعهده,2
زوتر,2
همچو,2
نداستم,2
بزرگن,2
ماهیتابههای,2
نمیرید,2
میدینو,2
برمیگردونه,2
نیستیم,2
نمیاندازه,2
فرنی,2
نکشیده,2
صافش,2
کمربندی,2
فهمیدیم,2
چدنی,2
بزرگترش,2
بحاطر,2
لایههای,2
متعددیه,2
پیتزا,2
مقعطی,2
کمیغذا,2
بچسبه,2
ورقش,2
برمیداره,2
کمیتاب,2
آوردمش,2
کمیخنک,2
خودبخود,2
تَق,2
پشمالو,2
خراشیده,2
برجستگیهای,2
طرفین,2
تمامیسطوح,2
پیشهاد,2
تیمچه,2
مرقوب,2
رایجه,2
زودپزه,2
بادوامینداره,2
دستورالعمل,2
تمامیزودپزهای,2
کلیپسی,2
شکفت,2
میارزید,2
لکهای,2
بادتست,2
میچسبد,2
مادرهامون,2
لیتریش,2
نوه,2
اوجا,2
جوابمونو,2
شگفتانگیزخربدم,2
وچسپیدن,2
انگلیسیها,2
ثروتمند,2
نشدیم,2
کوچیکش,2
زوج,2
نقلی,2
جهازش,2
سنگینتر,2
وشیکتر,2
فهمید,2
مجردی,2
کمیقیمتها,2
جامعه,2
اجبار,2
وطنی,2
ونچسب,2
فت,2
ساییدگی,2
شدههای,2
عرصه,2
کمیگرانه,2
تکنولوژیهای,2
گروپ,2
معتبری,2
خوانندگان,2
لیکن,2
برگرفته,2
میشناسند,2
خانگى,2
آشپزى,2
هنگامى,2
اروپایى,2
آنصورته,2
شکى,2
نیازى,2
سرى,2
احترامى,2
تکنولوژیها,2
شرکتهایى,2
تکنولوژى,2
بخشها,2
سرامیکى,2
چدنى,2
دریک,2
فروشترین,2
تفلونها,2
راس,2
باشیدمحصولات,2
بدو,2
دیدنش,2
فرانس,2
وسطی,2
کمیسوزوند,2
سفتی,2
نمیگرفت,2
اندازشم,2
غذاخور,2
کوچکش,2
خوراکی,2
باقیمانده,2
ظرفها,2
ایها,2
تیغش,2
داریمش,2
چرخشش,2
اکسپرس,2
جاداره,2
ملاقه,2
جاقاشقی,2
جادار,2
ابدا,2
ماکروویو,2
نفری,2
مدتیه,2
مدلشو,2
چنتا,2
نکست,2
چیپست,2
تونر,2
کارگاه,2
بخاط,2
سروصدای,2
بهتریناست,2
مکثی,2
توسعه,2
ماهیانه,2
اولشه,2
هدش,2
مزایاش,2
مسیر,2
متنی,2
گرونی,2
کمیبا,2
پاچش,2
رجیستر,2
بشود,2
آتلیه,2
بازاری,2
منصرف,2
اینجاست,2
آور,2
آگاهی,2
کارتریجها,2
وقتتون,2
موبایلش,2
کمیکمتر,2
سوزنهای,2
ومقرون,2
خودمو,2
مخزنی,2
کاغذو,2
کاغذارو,2
کلنجار,2
کلین,2
قیمتشو,2
امتیازی,2
کاتریجهای,2
روزای,2
جوهرها,2
نکنی,2
گرمیرو,2
فتوگلاسه,2
تثبیت,2
باهام,2
کابله,2
خوشایند,2
بخرد,2
عاشقش,2
نازل,2
داروخونه,2
زنی,2
گزینس,2
شلوغی,2
امثال,2
نیکاسا,2
میبینیم,2
سلا,2
خریدمون,2
شنبه,2
کالایی,2
صوت,2
پراید,2
درغیر,2
گلایه,2
عجله,2
کمیهزینه,2
سیمشم,2
چق,2
ومخصوص,2
نظافت,2
بلندترین,2
مقاومه,2
فیش,2
همینو,2
صداهارو,2
کنسلینگ,2
نمیرسید,2
اجناسی,2
میشنوند,2
میتونند,2
هدیونیت,2
پایونییر,2
نارنجی,2
ضدآب,2
واکمن,2
فیکسش,2
استخر,2
هدفونهاش,2
نمیشنوید,2
بدنسازی,2
عااالی,2
میخای,2
میلرزونه,2
کانالی,2
اتون,2
دوچرخه,2
صوتیه,2
وهیچ,2
عبارتی,2
داشتید,2
مطابقت,2
آپارتمان,2
ضعفه,2
میزاری,2
گردان,2
نمیخورد,2
نیفتاده,2
پرسیدم,2
حموم,2
شاهکاره,2
هدفونای,2
زین,2
گارانتیشم,2
گاها,2
خیلیم,2
پخشم,2
بستن,2
ارزنده,2
ماشینم,2
تنظیماتو,2
معظم,2
ترافیک,2
نمیشوند,2
خور,2
قدردانی,2
متصلش,2
مخ,2
غلط,2
دانگل,2
باندهای,2
بسار,2
تفاهم,2
اصوات,2
بنز,2
ترسیدم,2
جداگونه,2
آون,2
نشنیده,2
همینکه,2
سمند,2
بدرستی,2
اشکالات,2
میاید,2
مراقبش,2
هدفونم,2
تابستان,2
سریه,2
محصولش,2
اجناسش,2
واقعیش,2
دلگیرم,2
غول,2
شیشههای,2
مخالفم,2
پیامک,2
اینگونه,2
ارگونومیهم,2
راهنماش,2
تحقیقاتی,2
منظم,2
بشوریم,2
واته,2
بایسته,2
دهانه,2
آژند,2
بیسی,2
میدارم,2
تنظیمیاز,2
موادی,2
پهن,2
بشکنه,2
موادش,2
حسی,2
نزدیکه,2
دیوایسها,2
کمیتو,2
هشتاد,2
اقا,2
بشنوی,2
سیصد,2
قدم,2
تنگ,2
یونیت,2
دروغ,2
ضمانتش,2
همونجا,2
ابش,2
غذاهای,2
کانوکشن,2
مادون,2
مگنترون,2
جوجه,2
ارشیو,2
بسیارخوب,2
کمیزیاده,2
سطلی,2
بفرمایید,2
تنظیمه,2
کوبشی,2
رقص,2
نورش,2
میبینن,2
میشوره,2
تکمیل,2
فیلترها,2
نارضایتی,2
خواهشی,2
امتیازات,2
امروزه,2
کوچیکیش,2
بشقاب,2
قراربدین,2
دیس,2
خرطومیهست,2
تعمیرگاه,2
بتوانند,2
خانمهای,2
یخچالو,2
خالیش,2
خانههای,2
تخلیه,2
اینطوره,2
یکسانی,2
هندز,2
لاستیک,2
جمعیت,2
خیار,2
گنجایش,2
خروجیش,2
سورس,2
کواکسیال,2
دبجی,2
یکماهی,2
نمیبره,2
منتاژ,2
شهری,2
طرفه,2
نباشد,2
درصدی,2
طلب,2
واضحی,2
انداخت,2
فنجان,2
دوگانه,2
کیفتیش,2
وعالیه,2
کارته,2
قدرتشم,2
آبش,2
علامت,2
پهنای,2
اپشن,2
توضیحاتی,2
سراغش,2
تریبل,2
درمیون,2
تنظیمش,2
مزاحم,2
تسمهها,2
رای,2
بردید,2
بپرسیم,2
بشرطی,2
پژو,2
طاقچه,2
اولشو,2
انداره,2
بووودم,2
یمقدار,2
گهگاهی,2
پایینتری,2
دهندست,2
گوشیش,2
مثلثی,2
تلوزیونهای,2
طرفداران,2
بهشون,2
طرفدارای,2
بگین,2
کاران,2
ریشه,2
شیم,2
تعمیرکار,2
رشت,2
خوراکیهای,2
آویزان,2
پیوسته,2
نامبر,2
خوبیست,2
شامیو,2
رولت,2
خلال,2
صفحاتش,2
محصولاتی,2
پانل,2
پاکتش,2
زیباتره,2
میشوید,2
قریب,2
لذتبخشه,2
دخترونه,2
اذیتت,2
تولیدکنندگان,2
متناسبی,2
مرداد,2
حروم,2
محکمه,2
یادمه,2
شاد,2
بتونیم,2
گوشو,2
باسش,2
هیجانی,2
پذیری,2
موسیقیهای,2
ناراحتی,2
نامداران,2
آهنی,2
نهایی,2
درجعبه,2
بهتریناس,2
اهنگی,2
همکارم,2
نمیبینم,2
اهرم,2
بالابر,2
زنگزدگی,2
درمناطق,2
میکای,2
انضمام,2
پرچی,2
پراندن,2
ضامن,2
پران,2
آسانسوری,2
کمیپایین,2
انتخابگر,2
کوتاهتر,2
شرط,2
فرکانسش,2
ایرفونها,2
شنوایی,2
انسان,2
قلق,2
کارواش,2
همیشگی,2
دوامش,2
صداهایی,2
چیزهای,2
تخته,2
جیوه,2
تبش,2
اعتبار,2
ریزه,2
کاریهای,2
جزعیات,2
وصدای,2
خودرو,2
جاروشارژی,2
رقیبه,2
میریزین,2
املاح,2
جلد,2
یکماهه,2
وخوب,2
نسوزه,2
توری,2
دیواره,2
واجد,2
اسان,2
روغنهای,2
ذرت,2
پاگیر,2
چ,2
اولویت,2
اتاقتون,2
دستشون,2
لوگوی,2
محتوای,2
شبها,2
تماشا,2
بشین,2
هوم,2
گلویی,2
کوبیدن,2
هدفونه,2
کارآمدیه,2
برقراری,2
آلمانیه,2
عاایه,2
واین,2
ششمین,2
ارگونومیک,2
میانی,2
انگشتر,2
منجر,2
توانسته,2
نظامش,2
دردناک,2
کلاسیک,2
کرفس,2
خرما,2
نتوانسته,2
سالیه,2
ایرانیش,2
رازیه,2
تلویزیونو,2
پیشنهادمیکنم,2
اسیب,2
آندروید,2
جرم,2
دلونگی,2
هواپز,2
ظرفیتش,2
غذاها,2
کنها,2
ترانس,2
خسارت,2
ولم,2
عمری,2
خودتان,2
مشغول,2
گرفتی,2
کریستالی,2
سیبلانس,2
دک,2
دیستورت,2
طلا,2
حجیم,2
شارپ,2
اونهمه,2
جهیزیه,2
سقفی,2
ایرباد,2
اغراق,2
ناخواسته,2
خاصى,2
درهاش,2
نچندان,2
پیچهای,2
وکاربردی,2
خوری,2
اندر,2
کاغذی,2
فرزهای,2
رسی,2
گچ,2
محلول,2
متوقف,2
نمیارزد,2
بتن,2
ناخوشایندی,2
ناکارآمد,2
حیاط,2
بنزینی,2
ساقههای,2
کارامدی,2
اسیبی,2
قدرته,2
ماگ,2
شیرین,2
برگشتم,2
دوروز,2
خوردنش,2
متور,2
هندونه,2
غلیظ,2
دستها,2
خوردکنش,2
استیک,2
دربها,2
دیمری,2
بازیافتی,2
مکنده,2
هوشمندانه,2
سطوح,2
مفیدی,2
ایرلنی,2
باتخفیف,2
ناخوشایند,2
ماکزیمم,2
بعلت,2
گرماش,2
پرمصرف,2
بخاریهای,2
بستر,2
نمیگیرم,2
توانست,2
دلگرم,2
بلندش,2
میرزه,2
بهترینهای,2
ساختمان,2
آلمانه,2
ظاهریش,2
وطی,2
میباشم,2
جغجغه,2
فلزش,2
شکلات,2
انسانی,2
قدیمیپارس,2
شستم,2
مارپیچ,2
نظارت,2
میدهیم,2
جاروکشی,2
ناسیونال,2
اینجانب,2
لولایی,2
نیامده,2
درامیکه,2
درام,2
بیافته,2
ارّه,2
ارهها,2
مسلماً,2
ارههای,2
خواندم,2
تحویلی,2
جارویی,2
ندرت,2
پرت,2
اتوشویی,2
ساختارش,2
هدایت,2
المان,2
گیریش,2
سالادساز,2
ترکی,2
اعلم,2
قورى,2
تیکههای,2
غوطه,2
یافتن,2
ازدیاد,2
طالبی,2
سوراخهای,2
قیژ,2
گ,2
ماکیتا,2
جین,2
الماسش,2
سنگک,2
بیورر,2
پلو,2
اتصالاتش,2
وساخت,2
گوشتیهای,2
گوناگون,2
دوسو,2
مغناطیسی,2
کوتاهه,2
آسیابهای,2
خ,2
بیخود,2
جنسه,2
دشوار,2
اسلوونی,2
میپزه,2
منوال,2
برایش,2
چهارخونه,2
تاکسی,2
بدانید,2
تای,2
کچل,2
بابتش,2
توسن,2
رولپلاکهای,2
مالزیه,2
گوشتکوب,2
تاش,2
بااینکه,2
خودِ,2
مرغوبیت,2
روسیه,2
دراصل,1
رزگلده,1
بدونند,1
گوریلا,1
ازهرنظرعالیه,1
نقدوایرادی,1
وشکستنش,1
چشمای,1
چشمان,1
نسلهای,1
جسم,1
برسونه,1
بلوغ,1
باب,1
نمیتونستم,1
دوربینشم,1
بگیرمش,1
بینظیریه,1
آهسته,1
میرنه,1
عمومیمیکنم,1
نرفته,1
ماههای,1
ترغیب,1
کوچیکِ,1
تغییراتی,1
شکلک,1
کرات,1
هموار,1
برایشان,1
حاصل,1
نشدهاست,1
آنهم,1
سانتیمتری,1
آنست,1
تأیید,1
کابردیه,1
دستیار,1
اسامیفارسی,1
دستورات,1
هوآوی,1
رضایتبخشه,1
موعد,1
حدیثی,1
نمیگداره,1
کشیدست,1
دستا,1
دورینش,1
غوغا,1
کاربدیه,1
البیته,1
شناسوندم,1
رجوع,1
ایتمها,1
گوشیشون,1
نگیرند,1
لباسشون,1
بزارند,1
سوییج,1
ایکونها,1
پسوردهای,1
هاو,1
وها,1
اطلاهات,1
اعتقاد,1
پرچم,1
زندگیشون,1
دکس,1
فیدیبو,1
کاربریه,1
ارزشمند,1
بدوستان,1
فلشهای,1
جووون,1
اسپیکرهاش,1
آیفونها,1
موعدش,1
باگارانتی,1
مایکروتل,1
بنویسی,1
فشاربدی,1
مینویسه,1
خودکاری,1
دگمههای,1
فولدر,1
تماسش,1
زجر,1
آوره,1
پیامش,1
فولدرهای,1
کانتکتهای,1
هکر,1
چاچا,1
گوشیای,1
چندبارم,1
گلسی,1
قابی,1
نداختم,1
عالیشم,1
بدیشه,1
عالییییه,1
بمدت,1
خرابش,1
ایرادتشم,1
اندازیه,1
بستگانم,1
چشمه,1
میبینیش,1
نمایی,1
واقها,1
سنگینیه,1
گیمرا,1
نزاشته,1
بحبود,1
ترکیبی,1
میدیید,1
وتو,1
توپه,1
خواندید,1
سرعتشم,1
ضمخت,1
استفادتون,1
استفادست,1
میگیرنش,1
نیوفتاده,1
دیتای,1
اسپیکرش,1
گزگز,1
اینستا,1
فیلمتون,1
بگردید,1
ایگرگ,1
تواناییهاش,1
آرنا,1
جاوا,1
آوریهای,1
حرفم,1
سامسوگ,1
هوواوی,1
نگیره,1
وایدش,1
مرکزیشون,1
جذبتون,1
قابهای,1
مشکلاتشو,1
فست,1
فوقلعادست,1
دریغ,1
پردازس,1
تحویلم,1
بودوهنوزم,1
کوبیدمش,1
یکش,1
دومش,1
همونم,1
هرقیمتیم,1
نوجوانان,1
سن,1
وسالهای,1
کنیدو,1
نگرفته,1
بگیرند,1
نمیآره,1
شوربختانه,1
سامتل,1
قشم,1
کمتراز,1
نفهمیدنم,1
درستم,1
خودبه,1
گیرمیکرد,1
ضعییف,1
گوشیو,1
دونبال,1
کینگ,1
حلها,1
دیتاهای,1
داشتین,1
دزدیدن,1
بیکیفت,1
نوشتین,1
ازفروش,1
چییش,1
پترن,1
ازون,1
دیوانه,1
وار,1
ترکوندمش,1
نگفت,1
سوکتش,1
شارژری,1
اپلیکیشنها,1
بگردم,1
سلفیشه,1
مساله,1
منجمله,1
مخالف,1
موافق,1
سمسونگ,1
عاملهای,1
لختی,1
ادیت,1
بنچمارکها,1
ارزشهای,1
نباشدصد,1
ظرفیتهای,1
پوسیدنه,1
نوی,1
سرحال,1
مینویسند,1
هارا,1
تلاشهای,1
دارندگان,1
رگه,1
راش,1
نقات,1
چیزیکه,1
موردنظر,1
اختیارم,1
بگذارین,1
گیگابات,1
آیپدم,1
ج,1
میکنمش,1
میلیونیش,1
اضافهتر,1
بخوایید,1
آرامش,1
میزدمش,1
روندی,1
آشغاله,1
قطعاتشو,1
سامسونگم,1
حیاطی,1
ایفا,1
یوگا,1
کمیانتخاب,1
کاربردیتر,1
جامعتر,1
عملیه,1
کمیاین,1
مسایل,1
همرنگی,1
تزیینی,1
تفاوتشون,1
دسامبر,1
تخفیفها,1
قلمیشده,1
دسترسیها,1
منویهای,1
فرصتهای,1
ندادید,1
نتونستند,1
پیوند,1
قند,1
شکن,1
خونید,1
مباحث,1
قدیمیو,1
هیچگاه,1
ونه,1
احتملا,1
اونهایی,1
نمیدونند,1
بپزیرید,1
دادید,1
کمیسنگینتر,1
میزکار,1
میکنیدکه,1
میاومدن,1
مبدلهای,1
ادعاهایی,1
تبعه,1
هرکجا,1
تبلتتون,1
ریفربیشد,1
نوشتار,1
مبادا,1
مسعود,1
میشینم,1
ورودیها,1
دگ,1
ارز,1
باسه,1
میرین,1
بوکهای,1
قاطعیت,1
لووس,1
ویژیگی,1
نوتها,1
سرفیسُ,1
هیچکس,1
خرابیهای,1
غریبی,1
مادربورد,1
چهارصدی,1
کاربرا,1
اینطورا,1
نداشتنم,1
ولومش,1
بیتشتر,1
تمامیروشهای,1
دانشجویانی,1
اساتیدی,1
مدیرانی,1
قویاً,1
مهندسینی,1
تفننی,1
مینمایند,1
بعدیم,1
مرود,1
متلب,1
الگوریتم,1
هیکل,1
گندشون,1
آپدیتای,1
نداشتین,1
کامپیوترهای,1
خونگییا,1
کرک,1
قلابی,1
سوتفاهمیبیش,1
وری,1
جزوههای,1
مرورگرتون,1
اد,1
بلاکر,1
کردمشون,1
میخونین,1
تجربههای,1
شدیییییدا,1
افسوس,1
میخورم,1
همینقدر,1
بروید,1
بفروشم,1
کُل,1
عذر,1
بفرم,1
وسایلش,1
نکنیین,1
آنوزی,1
خیله,1
اولاً,1
فضاش,1
کوچکه,1
محضه,1
رایگانه,1
گردم,1
مشخصا,1
کمیکثیف,1
امیدوار,1
بکاپ,1
امن,1
تکس,1
هستس,1
کابلهای,1
نایابه,1
بنشینم,1
هوشمندتون,1
هوررررررا,1
تکرارشون,1
خیلیااز,1
شکایت,1
کانادا,1
بکیره,1
مالیات,1
گیک,1
ضدخش,1
اکر,1
کیبرده,1
تقریباتمام,1
دستاهتون,1
یاتغییرش,1
وپریدن,1
هربرنامه,1
تبت,1
پائینترین,1
تأسف,1
آزاردهندست,1
مرتباً,1
یکمیپایین,1
آلومینیومیو,1
رزلوشن,1
ولیل,1
گالری,1
آخریش,1
ماننده,1
پولورایز,1
کارک,1
عده,1
اسکریپت,1
عاجز,1
میشیه,1
تگهای,1
علائم,1
جاواسکریپت,1
نزن,1
مسافرتی,1
نود,1
یاورم,1
پانصد,1
بالام,1
کمیناامیدکننده,1
سرگرمیست,1
متون,1
جزوه,1
کاستم,1
مستحضرید,1
دوربینِ,1
کمیشارژشدن,1
ایدئال,1
ترجیحاً,1
قلمشو,1
جانبیشو,1
کنیذ,1
مشه,1
صفش,1
خشه,1
تبلتا,1
ولش,1
مجبوری,1
نمیفهمیطرف,1
همزمانی,1
ویدوئوها,1
نیستین,1
شارژهمه,1
سلولهای,1
کارآمدی,1
تولد,1
پیشش,1
اونورترش,1
درگاهش,1
غیرفعال,1
افلاین,1
اردیبهشت,1
گرانای,1
مادریرد,1
فیلیمو,1
هدفم,1
توانشو,1
هایایستا,1
فیس,1
اسفالت,1
کابردی,1
معتبریه,1
ساپرت,1
کارتِ,1
دائما,1
جیبی,1
موقعه,1
پریدگی,1
دردسرهای,1
استفاد,1
دنگ,1
وفنگ,1
فکتوری,1
قدرشو,1
بدونین,1
جاشون,1
همگانیه,1
اسکوییکی,1
انیمیشن,1
مکینتاش,1
تعامل,1
سختافزاریو,1
ادوبی,1
فوتوشاپو,1
ایلاستریتوره,1
بسایر,1
هماهنگه,1
اونه,1
تحیه,1
آزمونهای,1
آشناییت,1
ناحق,1
واقعه,1
ناحقه,1
لطفی,1
امیتازات,1
پرشده,1
خونشو,1
مبحث,1
مثاله,1
تسکو,1
دمارو,1
تهدید,1
بزرگیم,1
دونست,1
مختونه,1
میزون,1
کچ,1
سیپیو,1
لبت,1
آکادمیک,1
دانشگاه,1
کیبوبیس,1
سیبیلیوس,1
قدیمیه,1
گر,1
عکاسمه,1
مادربرد,1
کاراییتر,1
تومنه,1
حاله,1
تاج,1
تابی,1
پنتیوم,1
میدیدن,1
عاللللیییی,1
بیناننه,1
دین,1
اتورانش,1
حامی,1
نبینم,1
پیشرفتهتر,1
درایوسیدی,1
آنبورد,1
وسطهای,1
صلب,1
خوشبینانه,1
دصد,1
شارژه,1
یانه,1
لبتابهای,1
نفرستاده,1
نمیدونستم,1
گیگاهرتز,1
گرافیکیشم,1
خریدشم,1
استقبالی,1
نظراتشونو,1
خوبیای,1
مدلسازیهای,1
راینو,1
گرافیکه,1
محاسباتش,1
انتخاببرای,1
باهاشون,1
اصلاحش,1
تحمیل,1
باحال,1
جذابیتش,1
کهسیمها,1
میشکنن,1
عینا,1
سورپرایز,1
سبکترین,1
زیباییشو,1
تعارف,1
کمشون,1
بریک,1
یدکیش,1
آمپراژ,1
سیستمها,1
مهندسیه,1
ابنو,1
راهنماییتون,1
عمومیمیکنن,1
میزنش,1
نیاره,1
بزرگیه,1
اونارو,1
نکتش,1
نمکینه,1
بکوب,1
چشمیاحساس,1
داغی,1
رندرگرفتن,1
هادرد,1
غرور,1
پایانی,1
چیزاس,1
اطرافیانم,1
زیباش,1
آزاردهندس,1
سیوینگ,1
روزمزه,1
وزنشه,1
کاربریش,1
پردازنذه,1
مکبوک٬,1
تره٬,1
نرمافزارا,1
اکه,1
ویرچوال,1
سیستمتون,1
شباهت,1
مکفی,1
پریمیر,1
نمیداد,1
داشتی,1
نمیومدی,1
کوچگترین,1
میاریم,1
حالاها,1
قدیمیبشه,1
شارژرش,1
نمایششم,1
شارژشم,1
شارژرشم,1
گارد,1
تازگى,1
خریدارى,1
عزیزانى,1
کاراى,1
گرافیکى,1
سونى,1
ى,1
دقیقاً,1
بیزینس,1
لحظ,1
سردرنمیارم,1
عمومیمهندسی,1
عمرانم,1
تماام,1
کارشناسی,1
بعدم,1
میتوتم,1
نامردی,1
ارجینالش,1
هماهنگیه,1
گیمها,1
نخریدن,1
سویش,1
ویژوال,1
ایلوستریتور,1
بجاش,1
اولاش,1
انگشتتون,1
آسونتر,1
خواستن,1
دانشکاه,1
مانیتورهای,1
استوک,1
اونطور,1
نتونم,1
پنجرهها,1
مشکلیه,1
مشهود,1
هیبرید,1
کمیبیخود,1
اونچنان,1
انتقالات,1
نگیریم,1
جاییها,1
وبررسی,1
کیبردها,1
کمیکج,1
تمامیایرادای,1
کمیاشتباه,1
وخوشحالم,1
ملاکشون,1
میگردن,1
کنجکاوی,1
حلا,1
بالاترش,1
مقایسهها,1
تستها,1
اوریجینال,1
لبتا,1
شتی,1
طراخی,1
میدیم,1
همخم,1
درایوری,1
بسازش,1
فرقشون,1
بدنس,1
المینیومه,1
احساسه,1
بوتشم,1
المینیوم,1
ارزشیه,1
بوست,1
سایلنس,1
اورکلاک,1
تصویرم,1
بزار,1
نزنید,1
سوختگی,1
لوکا,1
ظریفی,1
ضیعفه,1
میگیم,1
پیشنها,1
هواگرام,1
قیلی,1
ریفرشی,1
مطمینم,1
اینده,1
نمیگذاریمشان,1
دانشگاهی,1
حملشو,1
مثبتیه,1
هارش,1
محدودکننده,1
دارش,1
تقدیر,1
میبایست,1
راهنمائی,1
کالاهائی,1
اینچنین,1
کمیبده,1
طوفانیه,1
قشر,1
آینکه,1
حیطه,1
علمیبخوان,1
فینگر,1
مورده,1
چویی,1
مضاعف,1
بسم,1
اورجینالم,1
خوشگلیه,1
بالاش,1
نمیارید,1
کارتخوان,1
نیازهاتونو,1
نیازتونو,1
نمایشگرش,1
صرفرو,1
ارمغان,1
اختصاصیش,1
ادعا,1
حای,1
تفاوتشونه,1
کیلر,1
واقیت,1
لپتات,1
کابر,1
لپاپ,1
دلگیر,1
رشتهها,1
ستگاه,1
مرکز,1
ساختاری,1
هامی,1
یوش,1
انحنا,1
لبتال,1
دراو,1
کمیبیکیفیت,1
کالرهای,1
انتضار,1
بدونه,1
شار,1
زر,1
یهای,1
دادمش,1
نرند,1
کمیپول,1
قیمتیا,1
تصورم,1
درایورهارو,1
ریدرش,1
دوسه,1
السیدیش,1
شدستش,1
زیای,1
نویسنده,1
واسطون,1
گیریه,1
لا,1
علتشم,1
مخه,1
گذاشتید,1
درنمیاد,1
سیسستم,1
دردنخوریه,1
داغونی,1
اصولاً,1
مکافات,1
دستگاها,1
بایوسش,1
پارتیشنها,1
چشمگیری,1
متوسطیه,1
کاربردش,1
خوبشون,1
آلمینیومه,1
طراهی,1
میزارینش,1
فکرکنن,1
دستگاست,1
قمیتش,1
خریدمم,1
هردش,1
لغ,1
رانهای,1
شارژو,1
درابورای,1
نرمافزاراش,1
نابود,1
عمرا,1
اذیتش,1
بینانه,1
بترین,1
دیدگاه,1
پیشهناد,1
بهمن,1
دیجـــی,1
کـــــالــای,1
تلف,1
سیستمیکه,1
تمامیامتیازات,1
کیبوردشم,1
خوبیم,1
مشکلاتیم,1
طبل,1
براومده,1
رادیاتورش,1
نوازه,1
خوشکل,1
زیباییهای,1
دوچندان,1
کدومشون,1
نمیرسن,1
باتریض,1
یدنه,1
وگرفیک,1
پو,1
مشگل,1
تحدیل,1
خالم,1
سالشه,1
میخاست,1
روانه,1
عملکرر,1
میخابد,1
درومد,1
سروکار,1
پدرمو,1
میخونه,1
نخریدد,1
عمدی,1
هایبرید,1
تکمیلتر,1
تعدا,1
دوشتان,1
مخوصا,1
میموند,1
بکندا,1
میکندد,1
تیوتی,1
ماوسش,1
اوردند,1
میبرید,1
طلاییش,1
دوتاشم,1
تکونش,1
شُلِه,1
لَق,1
حتمآ,1
مشهوده,1
صفخه,1
آیتمهای,1
کرومیزیر,1
کرومینیست,1
پرید,1
کانتر,1
متضرر,1
برسانم,1
روشی,1
کالیبر,1
تمامیلپ,1
کسیدیدم,1
دلایلی,1
ایتدای,1
نکردید,1
پروفایل,1
کالیبراسیون,1
گدام,1
تمامیپنجره,1
عمودیش,1
رنگهاشدیدا,1
پروفایلهای,1
وینوز,1
میکه,1
قدیمیرو,1
کردالبته,1
پرتها,1
سفتن,1
سفتیشون,1
عکسی,1
مشابهی,1
مگاهرتزه,1
متصدی,1
حوصه,1
خوشرویی,1
سیوش,1
جوابه,1
ابنکه,1
فایوه,1
ثالثادو,1
ناپه,1
وحساس,1
پرورپوزالم,1
گرفتارم,1
گاراننتی,1
دانشگاهیی,1
فتو,1
شاپ,1
ایلستریتور,1
کیو,1
باطریشه,1
اریجینال,1
کلیکهای,1
آره,1
اینجوریاست,1
محکمینیست,1
داریش,1
راسی,1
ببردش,1
میخاسم,1
بتز,1
ناچار,1
سنگینم,1
میکونه,1
کیبیورد,1
چش,1
قرمزشو,1
بزور,1
عصبانی,1
لیبل,1
نمیگذارد,1
پریزهای,1
سختافزاریشم,1
نسبن,1
خاصیه,1
دویدی,1
ااولن,1
میزاریم,1
ایمیج,1
آنبرد,1
اقدامیانجام,1
راستم,1
باهش,1
کانفیگی,1
هاردشون,1
نمیخوای,1
پائینتر,1
میگنه,1
کمترش,1
قوتشم,1
دوتاشون,1
دلایلشون,1
دسنگاههای,1
لنوا,1
خییییلی,1
راحتیا,1
لپتاپیه,1
سیدیها,1
نمیخوند,1
ریجکتشون,1
نامعتبر,1
بهانههای,1
رهجو,1
گستر,1
شرکتو,1
نخورین,1
پاورپوینت,1
کائم,1
وسترن,1
میزنیم,1
تاچپد,1
مینیمم,1
ناسا,1
ایستگاه,1
سیدیهای,1
بالشم,1
ثینک,1
تایپی,1
نویسم,1
کارمه,1
نماش,1
ماتش,1
هرجای,1
نباشم,1
نقلش,1
سامانه,1
هاردشم,1
نیازهامو,1
ایمنش,1
میذاشتن,1
لگه,1
افزاهای,1
موسسه,1
توفیق,1
نهاوند,1
صحبتم,1
یلدای,1
بندازیم,1
نجربه,1
بدجور,1
انعکاس,1
نبینید,1
کیبود,1
تینکپد,1
جوی,1
استک,1
اسکرولهستش,1
میراث,1
فورس,1
هاردهای,1
تقدیره,1
مبالغ,1
خفن,1
صیقلی,1
کاربرها,1
سروکارشون,1
تراشی,1
نمیرسیم,1
ممدل,1
ابونتو,1
دوال,1
دمشون,1
اکسترنالشم,1
مدیای,1
خلاقیتهای,1
دوماهی,1
دارمو,1
تبلیغاتشو,1
عکلکرد,1
تراش,1
فایلاتونو,1
اسپیکرشم,1
قیولی,1
میشناسه,1
ارزونم,1
ریپلای,1
مذکور,1
میخواهیم,1
جنیون,1
مرجع,1
برمیگشت,1
تسک,1
نامعلوم,1
کمیبرق,1
خطرناک,1
کمیباعث,1
زاویههای,1
برمیدارن,1
واقعیه,1
کنونی,1
معمولیع,1
بیشینه,1
وااقعا,1
بآلاترین,1
نکتهها,1
کمیدستکاری,1
بنابر,1
ششمه,1
کارائی,1
جونش,1
اثرانگشته,1
بحثی,1
دلمو,1
تاپاست,1
شرشر,1
یواش,1
خندیده,1
کبورد,1
پایپ,1
ادغام,1
سبزتر,1
سیستمیخوب,1
باقیمتهای,1
آیکونش,1
لپتابو,1
هفتو,1
ریختیددر,1
وحتما,1
فلتشو,1
کوچیکم,1
اوکی,1
غبعد,1
مهتابی,1
نرین,1
یازده,1
شبانه,1
نمیزدن,1
مننون,1
گذاشتین,1
خوندین,1
زمستون,1
قدبمیترین,1
وحتی,1
ایسوسهای,1
والبته,1
وافراد,1
اینکاره,1
اداب,1
پریمر,1
یسالی,1
شرایطش,1
اشکالاتی,1
اهمیتی,1
حیچ,1
مشخسات,1
اولیش,1
دومیاوکی,1
بشمارید,1
شدنشه,1
پریروز,1
لپتابی,1
مونیتر,1
ویندوزها,1
نگارشهای,1
هیییچ,1
درایورهایی,1
قدیمیم,1
وسترو,1
اسمیخودش,1
آشغال,1
سمتش,1
نمیرم,1
نمیآیند,1
میخورند,1
میتوانم,1
هایم,1
بندازم,1
نریختم,1
نهاد,1
افیس,1
صل,1
نپره,1
دایدر,1
فیلمم,1
فارسیم,1
نداررره,1
ومن,1
برچسبهای,1
میخوامبعد,1
دیتاها,1
تابها,1
ترینه,1
کمیپایینه,1
تجربیاتی,1
شماها,1
سختافزاریه,1
بفهمم,1
چشه,1
وسیلست,1
گفتههای,1
مسافرته,1
آه,1
بساط,1
همراهتون,1
نوشتنه,1
کاریه,1
هاردشه,1
دسترستون,1
بشتر,1
لینوکسی,1
لنووها,1
کاراکترها,1
منفیم,1
لنو,1
زمینس,1
سرجمع,1
مثارف,1
نبودنشه,1
اونام,1
تمییز,1
گرامیبا,1
کاکرد,1
چیزخوبیه,1
تنهامشکلی,1
بعدازیه,1
خرخری,1
کمیه,1
ازناحیه,1
دیسکش,1
کمیسردر,1
گمیدر,1
لمسشون,1
ناخوشاینده,1
میداشتم,1
نمایشها,1
رواله,1
پنهان,1
نمیکشم,1
بزنیدش,1
تاپش,1
استعلام,1
تونستنم,1
ساختِ,1
مصداق,1
المثل,1
بدهی,1
آلی,1
بحواهید,1
میسوزی,1
باتریشو,1
دربیاری,1
ویندوزو,1
نمیخریدم,1
پایینترین,1
ناراضیم,1
نتونست,1
گهگاه,1
خطی,1
ناشیگری,1
نمیفروشه,1
سنگینیم,1
چیکارش,1
بردش,1
ازکلیاتش,1
صدرصد,1
ببرینش,1
اعم,1
ارجاع,1
اومدند,1
پیگیریهای,1
درحالیکه,1
حاضرهم,1
میریزد,1
وبجز,1
کرافیکش,1
کزینه,1
هستو,1
ویروسه,1
آمریکاییه,1
لت,1
جفتش,1
میدارند,1
ببرش,1
داخلشم,1
میدارن,1
میبندن,1
امتیازش,1
سلرون,1
پنتیومهای,1
خانوما,1
ادمها,1
توقسمت,1
بزارن,1
ردم,1
میه,1
نیسین,1
ضعفیی,1
قبلیمو,1
مچتونو,1
نمیش,1
ایشالا,1
کلیمو,1
میزاشتن,1
علارغم,1
هدایایی,1
هدفتون,1
اشانتیونه,1
نیستا,1
فیلمارو,1
پیداشون,1
دوشنبه,1
میارو,1
اوک,1
اینترنتو,1
رمو,1
درایوره,1
لچ,1
همراهی,1
قویتره,1
کوری,1
ازهرلحاظ,1
شدبه,1
دمدستی,1
راضى,1
فیمت,1
پرقدرتی,1
ویندوط,1
پرفورمنس,1
بخرسد,1
حدو,1
بینظیر,1
الترا,1
قدرتمندش,1
کسانیست,1
هستد,1
کمیداشتم,1
ولیلی,1
یاهشت,1
بایه,1
ودل,1
انشالا,1
گیرکردنه,1
عملکردی,1
تاپم,1
لپتاپتون,1
مضخرفه,1
سومین,1
کاملاسالمه,1
هتوز,1
عایه,1
خودتو,1
ارکیسون,1
چیزهاش,1
لولاشه,1
میاین,1
درآوردم,1
زیادنمیشه,1
رقیباش,1
یواس,1
وتوپ,1
پورتهاش,1
مهمیکه,1
بناچار,1
نمینویسم,1
ویدوزی,1
مناسبتره,1
لپتاپایه,1
کارایه,1
اپس,1
فکرشو,1
جوابگویه,1
بازیایه,1
دان,1
بدبختی,1
دانلودشون,1
ظاهرآ,1
کاملآ,1
بیلد,1
تمامیسختافزار,1
اجباراً,1
میفروشن,1
اینچنینی,1
تبادل,1
مگابیت,1
بخاد,1
محدودش,1
نخواین,1
مشکلشون,1
باخبرند,1
وزژن,1
لگم,1
متنو,1
نتیجتا,1
عمومیهست,1
اسکایپ,1
مشکلاتش,1
پوت,1
صباحی,1
بشینه,1
میشینن,1
بشینید,1
نگیرین,1
مزخرفی,1
هاردو,1
جفتمون,1
اضافیه,1
نمیماند,1
رقیبش,1
وزنشان,1
وتجربه,1
عارض,1
عبارتند,1
اینهاکه,1
بودالبته,1
درخشان,1
وباکیفیت,1
طنز,1
پردازشها,1
جفتشون,1
یکمیسرگرمی,1
کمیآزارت,1
عملکردهاش,1
تصویرهای,1
اضافش,1
میکردند,1
تورو,1
فرهادی,1
برراحتی,1
اراعه,1
قشنگیه,1
بیارد,1
دنبالشو,1
تقرییبا,1
کمیبالاتر,1
کشد,1
رویهای,1
بتمن,1
آرخام,1
نایت,1
سیندیکیت,1
آپس,1
رایولز,1
کامبت,1
ندیدیم,1
اکسل,1
ضعفاش,1
هموناییه,1
استیکر,1
حله,1
عملش,1
بارم,1
مشتریه,1
ثابتشم,1
الحمدالله,1
دیزاینش,1
نقطههای,1
ضعیفیه,1
دونش,1
بتونن,1
زرق,1
بیهوده,1
نتنها,1
دلنشینی,1
بنام,1
نزد,1
جالبیه,1
طمطراق,1
چشممون,1
لعاب,1
آزمایش,1
نریختین,1
نوبت,1
شیطنت,1
کنسولها,1
کمیشما,1
سیخ,1
ماژول,1
شرمنده,1
تونم,1
ببرنش,1
چال,1
خوشبخت,1
جسته,1
نمیشنوین,1
تغییره,1
نحیف,1
لبخند,1
خوشگلی,1
میاندیشین,1
ناممکن,1
فراریه,1
پورش,1
قلب,1
تپنده,1
نر,1
برنخوردم,1
سفته,1
کارتههای,1
وجودش,1
برجستگی,1
کرش,1
کنندهها,1
تشکرمیکنم,1
واقعابسته,1
بودظرف,1
رسیدلپتاپ,1
ازنظرظاهری,1
وتقریباسختافزاری,1
درایورهاشوازسایت,1
وبیصدایی,1
بدنشم,1
شددرکل,1
باتشکرحمیدصالحزهی,1
لرای,1
متداول,1
شکیلی,1
دوتاش,1
نقایسه,1
همونقدر,1
عقبه,1
مخلوطی,1
گیمینگه,1
همچنینیدرگاههای,1
آیتم,1
کولینگ,1
ضعیفتره,1
کارتهای,1
جدوله,1
بدقت,1
بنظرمیاد,1
ازمایشات,1
گانه,1
منتشز,1
ارتقاع,1
توست,1
باطل,1
خربدم,1
موندن,1
فوجیتسیو,1
اینظوری,1
میادحتی,1
ازنظر,1
ازنظرمعایب,1
جزب,1
باصرف,1
میتونیدیکی,1
کانفیگهای,1
اکسترنالشو,1
جداکرد,1
حملِ,1
جلوتون,1
میانگین,1
وکارت,1
بلده,1
بگردن,1
دیگیری,1
چالش,1
بوتش,1
سختیه,1
ترس,1
ناگفته,1
موتورهای,1
بابالاترین,1
صداا,1
بسیاااااااار,1
عالیییییی,1
رابطهای,1
تاندبورت,1
بسه,1
هااااا,1
زیااد,1
گوشهها,1
کولههای,1
اینجی,1
الکسا,1
ویری,1
ورک,1
استیشنهای,1
بازگو,1
اونیکی,1
تستی,1
بخشیش,1
بافرشه,1
نوشتنش,1
مهترین,1
فایدش,1
دارنده,1
پرسرعت,1
دتکت,1
انتشار,1
کلیت,1
پرچمدار,1
لودینگ,1
تنطیمش,1
بددتون,1
نرمافزارهایی,1
انسیس,1
آباکوس,1
استراتژیک,1
اکشن,1
کتابه,1
باتریشون,1
چراغهای,1
گلش,1
کمیسمت,1
کمیاذیتتون,1
پویایی,1
باکلاسی,1
یش,1
بعداً,1
کروم,1
کندیش,1
غافلگیرتون,1
قدیمیخودم,1
پینگ,1
مییاد,1
بنویسه,1
کمیگرم,1
محاسبه,1
درامدزایی,1
مطمعنم,1
همیجوری,1
چیده,1
جنسا,1
دنیارو,1
روزمرهخوبه,1
صحیح,1
واچ,1
داگز,1
رقیبهای,1
گزارم,1
نقشه,1
سیویل,1
پسشون,1
لول,1
کمیغیر,1
لحاظم,1
داع,1
کمیداشت,1
لرزشش,1
وسطشه,1
دفع,1
باطریشون,1
قبلیمم,1
سوالی,1
خدمتم,1
طوریه,1
بدشه,1
مدیارو,1
همونایی,1
وابسته,1
طراحیه,1
گرافیکشون,1
صدی,1
پولو,1
برگردوندن,1
پشتیبانیشون,1
انتقادی,1
زمانبر,1
پستی,1
رسیدشو,1
وایو,1
ثابتم,1
ضرورت,1
بدجا,1
داون,1
کلیدای,1
نما,1
بندارین,1
دنیاتون,1
مرورگری,1
اختیارتون,1
ناامیدکننده,1
بشینی,1
گرفیک,1
خارجش,1
ظخامت,1
نامناسبه,1
فیلمو,1
ترهست,1
دیلیت,1
لجنسی,1
عصر,1
اعصابتون,1
قیمیت,1
هیشکی,1
خبره,1
خووبه,1
باا,1
میگما,1
ایکاشک,1
آپلود,1
میدادید,1
یوتیوپ,1
میباشند,1
ناچیز,1
گرمایی,1
خروجیهای,1
کمیشارژ,1
برروی,1
منها,1
استانداردی,1
میشدند,1
چینش,1
جعلی,1
میرسند,1
منهای,1
بورد,1
سخنی,1
شیراز,1
متاسفنه,1
اکنتشان,1
ضربات,1
نداشتند,1
کارتونهای,1
قطری,1
کارتونها,1
لوجیتک,1
ایمنتر,1
دوردیف,1
بودید,1
حساستر,1
نموه,1
متمایز,1
گنو,1
گنوم,1
سازگاره,1
وایر,1
لس,1
کوآلکام,1
کمیجذب,1
یکپارچست,1
پردردسره,1
هیتاچی,1
پین,1
٬,1
یکمیبده,1
آسونی,1
نجاتش,1
خداحافظی,1
اچدیه,1
آمپریش,1
باصرفه,1
عمومیاز,1
بخرنش,1
اجرایه,1
نرمافزارایه,1
عالیییه,1
طراحیشم,1
کالافدیوتی,1
ادونس,1
کمبت,1
اینجای,1
قویی,1
بزاریدش,1
مقابله,1
خاکه,1
فنها,1
بگی,1
بازارش,1
سود,1
کانفکیکت,1
یوشه,1
ضعیفشه,1
کمیبکنم,1
سادهو,1
ارزیابی,1
نبست,1
پرفکته,1
نمیزنن,1
نوریشم,1
هوش,1
بیاموزید,1
مقاومیبه,1
خششون,1
حدس,1
لپتاپها,1
رنگهارو,1
درعوض,1
نیاید,1
مکبوک,1
بولوتوث,1
دانشجوهایی,1
یچیز,1
تحویلتون,1
اموزشهاش,1
مجور,1
حرج,1
ارقام,1
کیبودش,1
شارزر,1
قوتهای,1
بهترینای,1
اینهارو,1
نشانه,1
کاستیها,1
ویندوزوتر,1
جیح,1
دادین,1
ارجهیت,1
بهینهتر,1
گوشزد,1
اطلاعاتتون,1
کامپیوتریشون,1
تابتو,1
بسیا,1
تماما,1
جتس,1
کمیمایوس,1
ولاستیکی,1
روزانمون,1
مطمینا,1
شدیدی,1
ورفروشترین,1
ارزوی,1
یکه,1
اورژینال,1
بیسته,1
نخوان,1
دکه,1
اتکا,1
خوبع,1
پرتهای,1
ویژ,1
دقیقن,1
کمیوزنش,1
هواپیماست,1
کمیازار,1
بیته,1
اخرش,1
هاردشو,1
پیچای,1
مهمیبود,1
نواقصی,1
مادی,1
مشتاق,1
مییارن,1
دونستن,1
رسیدی,1
هزارم,1
دیجیتالش,1
قرمزاش,1
اصلیه,1
آفتابی,1
کمیتار,1
میگین,1
شماس,1
همراهم,1
میبرمش,1
دوربینتون,1
بفهمید,1
خودکارش,1
جهنده,1
مانیزم,1
برداریش,1
فارسیه,1
کمیاعصاب,1
شارؤ,1
قرمزش,1
چشمتر,1
پانیه,1
الامکان,1
مضرره,1
کراپ,1
اکادمیک,1
بقیش,1
صلیقه,1
فوتوشاب,1
توروخدا,1
مام,1
جداش,1
برتریهای,1
امکاتات,1
ارگونومیبهتر,1
مبارکمن,1
تحقیقات,1
دیافراگمش,1
بوکههای,1
فیلمبرداریشم,1
سنسورش,1
سیموس,1
فوجی,1
آرهای,1
رقمیو,1
رقمیکنون,1
رقمیهای,1
اونهاست,1
مسافتهای,1
حشرات,1
ریزبینانه,1
حبابهای,1
حبابها,1
دوربینرو,1
دومیبه,1
کنجکاو,1
جورتر,1
جانبیش,1
شات,1
مطمئنی,1
گرونترو,1
براشما,1
ممکنو,1
اماتور,1
تسلط,1
کمیدارند,1
ارگونومیاین,1
متغیر,1
تله,1
پاوربانک,1
ناشناخته,1
معایبی,1
نرمتر,1
ویزور,1
هات,1
اسپات,1
موردشون,1
قدیمیترش,1
انتخابها,1
داستانی,1
گستردگی,1
شارژرهای,1
دوستانتون,1
نگارش,1
نگرانیم,1
تحویلش,1
خیالم,1
اوقاته,1
عکسهاش,1
برابره,1
بفکر,1
همونه,1
سفارشات,1
دورببن,1
نمیرسند,1
باحجم,1
میتوانست,1
پاسخگوئه,1
کارآفرین,1
داینامیک,1
رینج,1
پشتیبانیِ,1
ایزو,1
درجات,1
سلف,1
صلیبی,1
ریزلوشن,1
پیاپی,1
ابداع,1
کانونی,1
سوژه,1
نقدها,1
امتیازها,1
کارشناسها,1
چاله,1
چولههای,1
مشخض,1
فیلمش,1
عکسهلیی,1
گرفتید,1
قلبش,1
کمیمطالعه,1
تکنیکهای,1
دوربینی,1
چندسال,1
لپس,1
اتوماتیکش,1
ایرادات,1
کشف,1
دکور,1
حسرت,1
بخورید,1
بسپارید,1
ندارندفقط,1
سرمایه,1
لنر,1
میادو,1
نمایان,1
بریددر,1
میفرستین,1
وضوحی,1
کروپ,1
جداکنین,1
تالاحالا,1
جستحو,1
بهرمند,1
شارب,1
وقتتونو,1
چرخنده,1
باران,1
مناظر,1
توانم,1
سئوال,1
اطلاعاتم,1
تایین,1
درمانی,1
مطب,1
داریه,1
دوربن,1
کرذم,1
سپتامبر,1
روال,1
عکاسان,1
اولتونه,1
برگرد,1
فکوس,1
نفروشید,1
دوربینه,1
شاتر,1
کامندها,1
تمرکز,1
حالات,1
کامند,1
برخور,1
مانیتوری,1
ضریب,1
حکم,1
حُسن,1
چشمیبرای,1
تراکم,1
چشمیرا,1
داشتنیتر,1
ارگونومیبالا,1
میاوریم,1
قلمیبه,1
بیندازید,1
ووو,1
دلخورده,1
رمها,1
قلمیبزرگترین,1
واگر,1
درنظر,1
هزینش,1
بیریخت,1
آهار,1
سبکیه,1
پنکیکو,1
پوشانندگى,1
قبولش,1
باپوستتون,1
کنیداگه,1
حتماب,1
کنیدشماره,1
تیرهترین,1
رنگشه,1
کاملشه,1
میخوابه,1
قصدخریدداره,1
واقعاکیفیتش,1
تابلو,1
پنکیکها,1
بافتش,1
برنز,1
تداوم,1
وسطش,1
شوت,1
صورتشون,1
زا,1
تیوپی,1
ملایمیبه,1
نچرال,1
پوستهایی,1
خنثی,1
اینفایلبل,1
شنی,1
کاپریس,1
خوبین,1
کرمیرا,1
لاتین,1
وپوستی,1
مینرال,1
ملتهب,1
رقیق,1
رنگشم,1
پودرای,1
دیگم,1
میک,1
متخلطه,1
چونه,1
پیشونیم,1
بخوابه,1
برنزس,1
پودرسبکه,1
وزودجذب,1
روپوست,1
ایجادنمیکنه,1
وتنهانکته,1
کاورضعیف,1
پودربیشتربه,1
دردافرادی,1
ویاکک,1
مکی,1
وفقط,1
بودامادیگ,1
تخفیفی,1
سبکو,1
گلبهی,1
اصالتش,1
وخشکه,1
کرمیهست,1
میمالونه,1
مینویسیم,1
واقعیشون,1
نوشیته,1
میسلین,1
کانسیلرو,1
کاراملی,1
اورآل,1
گندمیروشنه,1
افتاب,1
اثرات,1
افتابه,1
وبسیار,1
معطر,1
زبره,1
هلثی,1
کانسیلرهایی,1
پن,1
شانسی,1
مهمانیها,1
مجالس,1
صورتت,1
زدید,1
شمارش,1
پوسط,1
گندمیعالیه,1
سالهاس,1
موحود,1
اگاهی,1
صورتمو,1
علشقش,1
گندمیهستم,1
گندم,1
گونن,1
تونید,1
هلالى,1
نمى,1
دونم,1
زمانى,1
وقتى,1
رقمى,1
جوابی,1
همونی,1
نشاط,1
وانیلا,1
گندمیهست,1
صورته,1
رنگبندیش,1
نخودی,1
نرماله,1
بگذره,1
تابستونای,1
مدته,1
سیاهیه,1
چشمو,1
گندمیرو,1
برمیگردوندمش,1
دونا,1
لایته,1
الکل,1
زردى,1
ارایشم,1
کاتریس,1
فکرمیکردم,1
ابعادشم,1
بدردش,1
فیکساتور,1
بویی,1
مدادها,1
ریملها,1
نمیسوزاند,1
رژلب,1
چشمام,1
ومیکنه,1
درحدی,1
بالم,1
لبهای,1
رژها,1
یکمش,1
بندیه,1
گیاهی,1
عطاری,1
آقاین,1
اکالیپتوس,1
طبیعه,1
قوتشه,1
گمشده,1
دپرس,1
رضایته,1
اولویته,1
بورژوآ,1
ابرسان,1
مختصری,1
هلویی,1
طراوت,1
اقایان,1
مردادماه,1
پوستت,1
دوستمم,1
شبش,1
بپرسه,1
آقایونی,1
تونه,1
حواس,1
بدنمونه,1
طروات,1
عااااالی,1
خوشبو,1
لزج,1
ازمحصولات,1
اشنا,1
نمیخواستم,1
توایران,1
پیداکردن,1
ترومچ,1
بدنشون,1
حتماااا,1
پوشندگی,1
منپوستم,1
نظرتو,1
بِیک,1
صافه,1
بپوشونه,1
کرمو,1
پوستون,1
گندمیو,1
سفیدم,1
نیوفتاد,1
مخلوطش,1
آکنه,1
پشتشم,1
اکتی,1
پور,1
قرمزی,1
زیره,1
جامدش,1
لومیمجیک,1
رُژش,1
ریمیلش,1
مژست,1
مژهها,1
رژش,1
لاکش,1
قشنگن,1
عااااااالیه,1
خییلی,1
اسنس,1
ذکرشده,1
وماندگاری,1
وباتوجه,1
نبودیم,1
فرستادنش,1
نگرفتن,1
نمیگم,1
درصده,1
پوشونده,1
موندگاریشم,1
سرتونو,1
کمش,1
پوشاند,1
موندگاریش,1
مینشست,1
خوشرنگتر,1
طبیعیتره,1
خیلىها,1
تنهایى,1
پنکیکى,1
اتفاقا,1
میماستید,1
حساسی,1
التهاب,1
عارضه,1
وبینظیر,1
وشرجی,1
ماات,1
ارایشی,1
برنزرش,1
نمیرزه,1
اکلیلیه,1
پالتهای,1
کانتور,1
نازه,1
ریسکه,1
رنگو,1
نبینه,1
ریسکی,1
فرمودن,1
دلنشینه,1
صورتیم,1
یچیزی,1
ملیح,1
متمایل,1
دهیشم,1
پسندم,1
پوشت,1
زخم,1
ز,1
پوشانندگیش,1
بینیم,1
ضدافتاب,1
ساعتهای,1
نماسیده,1
میکاپر,1
کلیییییی,1
ماتیش,1
وبدون,1
گندمیهم,1
پوستش,1
صورتش,1
چربا,1
صلن,1
موسهاش,1
عاجی,1
ترسم,1
پوستتوم,1
اصلاااااااااااااا,1
پیشنهادنمیکنم,1
جوشهای,1
سطحی,1
نپوشوند,1
گندمیمیزنه,1
شیرازه,1
گرمه,1
دچاره,1
تعریق,1
منظره,1
لطیفی,1
محصولم,1
گندمیمناسبه,1
واضحتر,1
برجستهتر,1
تومانیو,1
زیرسازی,1
عنوانی,1
زیادى,1
گندمى,1
جوشدار,1
براقیت,1
وماسیده,1
ویه,1
کرمهای,1
استفادا,1
ننوشتین,1
نساخته,1
گج,1
زدین,1
ابی,1
چها,1
تجدید,1
خواستنی,1
کنندگیشم,1
ارایشى,1
متحرک,1
میچرخونید,1
لکهها,1
کانسیلرهای,1
مدادی,1
ماتیکی,1
کانتورینگ,1
دریم,1
ساتین,1
آبرسانیه,1
کااملا,1
گندمیهستش,1
واااقعا,1
صورتتونه,1
اسلایسر,1
ظرفهای,1
اونقدری,1
کوچیکترینش,1
کبریت,1
تعداش,1
دمنوش,1
کوچولوهای,1
زیرقابلمه,1
موجووود,1
زلم,1
زینبو,1
شستشویش,1
دشتی,1
پذیرایی,1
مهمان,1
میله,1
میکرم,1
کمیگران,1
قیچی,1
اشپزحانه,1
طرفدارهای,1
ایکیا,1
زیری,1
آدمتر,1
درشتش,1
درشته,1
پلا,1
کشوها,1
استحکاماتش,1
یطوریه,1
وایستاده,1
راحتیش,1
سادگیش,1
نمک,1
پیچیدن,1
گرامیاگر,1
همزدن,1
سس,1
نداز,1
کمکِ,1
موکا,1
کاپوچینو,1
قیمتِ,1
ارزانش,1
قدرتِ,1
اندازۀ,1
موتورِ,1
عالیتر,1
بخرییید,1
مناسبِ,1
قاشقی,1
جاکفیکر,1
میادتا,1
کوچییک,1
هیکلش,1
تعادل,1
صافی,1
دیگرو,1
حصیری,1
بافته,1
کشو,1
طلقه,1
گلدونای,1
تراس,1
تور,1
لیمو,1
پرندهها,1
کاتالوگای,1
شناسایش,1
وایلست,1
کانکشن,1
بردارین,1
میگره,1
نظرتونو,1
یکمیطول,1
فروشندهها,1
کارتیج,1
اعلارقم,1
دفترچههای,1
نماییم,1
گردوغبار,1
ترجیحش,1
قرچ,1
قروچ,1
فید,1
کمیتوقعم,1
بالتر,1
علتش,1
ایهای,1
نندازید,1
تونو,1
ضعفشو,1
هپ,1
دفاتر,1
بروزتری,1
مجنوع,1
پرسرعتیه,1
فکری,1
پرینتری,1
وزیبایی,1
واتومات,1
چیپ,1
دائمیه,1
چیپش,1
کاشتی,1
نخرییییید,1
پیگیره,1
کمرنگتر,1
رنگترین,1
تمایل,1
پررنگی,1
سایزشم,1
پرینترکوچیک,1
ایرادهای,1
پرینتره,1
خیلیه,1
استثنا,1
ارزششم,1
مستهلک,1
کمیاذیت,1
افزا,1
درآخر,1
کاتریجاش,1
جوهرافشان,1
هاشیه,1
نمدی,1
بچکونید,1
سرنگ,1
عیوب,1
دستن,1
ترفندی,1
علاف,1
کارمون,1
واردات,1
پلات,1
بنر,1
فلکس,1
نازلها,1
زودتز,1
زورتون,1
فرعی,1
اشتباهه,1
فوتو,1
حامد,1
تقیان,1
لایسنس,1
درر,1
زیراکس,1
لاستر,1
کمیکارکرد,1
آلبوم,1
نخریدمت,1
ومزایای,1
دربالا,1
درآوردن,1
پیچیدست,1
سازه,1
زمانبره,1
باهمشون,1
پچها,1
فریمور,1
شاهد,1
نایاب,1
عموم,1
اصطهلاک,1
خاموشی,1
تلفنی,1
گرانقیمت,1
ادارات,1
قابلیتها,1
استارترش,1
مثا,1
فرمان,1
ناچارید,1
اسکنرش,1
چاپگرو,1
کمیمقایسه,1
بهتراز,1
دیگس,1
پوکید,1
درجواب,1
سرسام,1
بطریهای,1
وفور,1
اموزشی,1
سادست,1
رنگِ,1
مدتهای,1
تعمیرکاران,1
مبلغیست,1
متصله,1
قسمته,1
ویتنامیهست,1
رس,1
پیرامون,1
بدانند,1
نزدیکی,1
کمیدارای,1
مخازن,1
فقدان,1
بکشه,1
وبرگدانه,1
گراماژ,1
برنیاد,1
قدیمیتری,1
وجاگیره,1
ودفاتر,1
مطلوبه,1
الکتریسیته,1
ساکن,1
کاست,1
کاغذای,1
پرینتریه,1
نرمافزارسرعت,1
ولود,1
میوا,1
چمد,1
فکس,1
لن,1
سیزدهم,1
عاقا,1
دردسرداره,1
لوس,1
بدقلقی,1
کاستش,1
کلافه,1
عادم,1
وایستی,1
نگا,1
کارتریجارو,1
فرجی,1
واااااقعن,1
پایینشو,1
تغییرشون,1
میزاشتم,1
لارج,1
دوبرابره,1
کاتریجها,1
میاند,1
وکس,1
اینک,1
گرین,1
کالر,1
مقوا,1
فاز,1
آلبومیو,1
پرسنلی,1
شدتون,1
اسکرول,1
مقرونه,1
جنون,1
خرجهای,1
کلان,1
دراومده,1
وایسین,1
پرینتها,1
سابلیمیشن,1
اتلیه,1
اونیه,1
خطاهایی,1
مستقیمیبا,1
نابلدی,1
شره,1
نعمولی,1
کاغذهایی,1
کاغذها,1
وایتکه,1
پشنهای,1
هرکس,1
نخرد,1
اندازیش,1
یماهی,1
میبخشم,1
کمیت,1
هروز,1
اسکنش,1
چاپه,1
پریینت,1
اصلش,1
پسشنهاد,1
اسراف,1
جوهرو,1
نپاشه,1
باسکول,1
اینرو,1
وغبار,1
میفتاد,1
رسمیبخوای,1
بانک,1
میتونس,1
فروختیم,1
مونگاریش,1
جوهراشو,1
شهر,1
تهرون,1
یکباره,1
بپردازید,1
بهشخوب,1
بشناسونم,1
دایرکت,1
تونرش,1
کریستاله,1
همکاری,1
شهرها,1
اک,1
روس,1
بلوتوسش,1
سروصدا,1
ردیفش,1
احترامیکه,1
میگذارند,1
پاینده,1
سرافراز,1
چندکارهها,1
ویژگیهایی,1
شکرخدا,1
عالم,1
ترجیحم,1
استارتر,1
آموزشش,1
متعاقب,1
پکیجهای,1
صرفهتر,1
نیمیاز,1
تقربیا,1
نرمیدکمهها,1
برگردم,1
قبلیش,1
عاوولیه,1
قدمیکه,1
ساختتر,1
ماتتره,1
کلاسی,1
ستش,1
کالاهایی,1
خودداری,1
ازپخش,1
اگراین,1
درخریداین,1
کفیت,1
صدار,1
مکنم,1
خبی,1
سرگزم,1
شدنه,1
گیفت,1
اکانتتون,1
وحساب,1
کاربریتونو,1
چیزیو,1
بورای,1
بیسیمشو,1
وص,1
کردمو,1
توسیه,1
میکرفن,1
بصورتی,1
دلتونو,1
بهترِ,1
صداخیلی,1
کنترلها,1
وشکننده,1
ترازاین,1
میذاریش,1
نمیشنوی,1
اصلشو,1
فوتبال,1
نظرتونه,1
تمیزه,1
قیمتا,1
کنیین,1
خوردنشه,1
تونستیم,1
بشیم,1
بزرگش,1
شارژسریعی,1
قبولیه,1
ود,1
رکل,1
وقشنگه,1
کمیسخته,1
مبینین,1
آیه,1
گیه,1
مهربون,1
بیمار,1
بیسها,1
کتابخانه,1
شیلد,1
وحشی,1
درآورد,1
انداختش,1
دربیارید,1
آویزون,1
کمههای,1
نمیشنیدم,1
میشنوینش,1
ندارههههههه,1
کنسرت,1
قابلت,1
پریمیوم,1
میخردیم,1
بنویسن,1
ساپور,1
متاسفیم,1
میزارید,1
خذف,1
میشنوید,1
میآد,1
موو,1
نویگیشن,1
پینهای,1
آدابتور,1
هدیونتها,1
تیوترها,1
وساب,1
بازدهیش,1
سیستمیبوده,1
آلپاین,1
فوکال,1
وکنوود,1
نیازتون,1
پخشها,1
براین,1
پایونیری,1
پایینتره,1
آدمای,1
الپاین,1
نمیدونی,1
فیلمه,1
دیدید,1
دهان,1
بمالید,1
میبالم,1
تعطیلات,1
برندارید,1
دکمشو,1
چراغش,1
مکافاتی,1
گاف,1
دلاری,1
بلندتری,1
جورتره,1
سیمیسنهایزر,1
واکمنی,1
ضدآبه,1
معمولیش,1
بررسیدیجیکالا,1
باصدای,1
باشگاههای,1
باخودتون,1
صفا,1
هردوشم,1
ووفرها,1
بکنیم,1
قشنک,1
ماشینو,1
چونکه,1
رفیقم,1
باورش,1
بانده,1
نذاشت,1
ابروم,1
تلوزیونم,1
خانا,1
شارژنگه,1
پرطنین,1
ولومهای,1
اوجاج,1
سواری,1
اسکیت,1
بسازی,1
دهندس,1
وسفیده,1
ازعملکرد,1
جورش,1
وماله,1
ایستگاههای,1
سابو,1
مبهمه,1
خودروی,1
اگولایزر,1
مهمونیها,1
باابعادی,1
اتاقهایی,1
سالنهایی,1
درولومهای,1
صدادچاراعوجاج,1
زیباییست,1
مگاباسش,1
موثره,1
اکولایزرهاش,1
خودست,1
محوطه,1
میخواهند,1
نوجوان,1
ورودیهای,1
اصله,1
بعدکه,1
شوکه,1
فکرم,1
زیباترین,1
بیننده,1
صدست,1
طولانیه,1
مطمن,1
بسر,1
خاستم,1
توفلش,1
میبستم,1
فروشندههای,1
سیمهاشو,1
میخایید,1
چتد,1
صداییش,1
الته,1
نماند,1
هدفی,1
اسپرت,1
شیرجه,1
مکافاتیه,1
اونقد,1
بیرونو,1
حا,1
بــــیــــز,1
خیلیییی,1
شناگر,1
حوصلم,1
سخنگو,1
مزیک,1
زاپ,1
پلیری,1
شارژرای,1
نوسان,1
تعمیره,1
مدلم,1
اپرا,1
سمفونی,1
کانتری,1
ساعات,1
گذارم,1
مسؤلان,1
ظبط,1
تیبا,1
بیاس,1
سیه,1
باندی,1
پرشیا,1
تیوتر,1
سفارشم,1
ردست,1
پرفروش,1
شاهکارهای,1
یکهای,1
قطعاً,1
لارن,1
رانندگی,1
اینجاش,1
بیرداینامیو,1
نبودو,1
مسطح,1
ایرپادهای,1
یکمیباسمه,1
نرمیاونا,1
مینشیند,1
بتوانید,1
بدوید,1
اکستنشن,1
آفترمارکت,1
فعلاً,1
میلیمیتری,1
برزنت,1
مزین,1
جداکننده,1
میشودو,1
خشهای,1
تریبلهای,1
تفکیکی,1
استیج,1
شدگی,1
چندبرابر,1
نصیحت,1
همانگونه,1
پاهاتون,1
نشستنتون,1
صندلی,1
پیر,1
صدمات,1
ناپذیر,1
آمپدانس,1
گلد,1
همونیه,1
بلوتوس,1
نمیشناسد,1
چندماهی,1
اسپیکری,1
جود,1
قدرتیه,1
سیلد,1
مگنتش,1
بترکه,1
گین,1
ببنده,1
سیمیقطع,1
ارگونومیش,1
وجودشو,1
شکلش,1
نبایستی,1
نورهای,1
دستک,1
تمامیبازی,1
خدارو,1
فنهاش,1
دستگاهشون,1
خنده,1
دلو,1
میبرن,1
برمیگردونن,1
عاشقشم,1
کخ,1
راحتن,1
شارژشون,1
همثکارتون,1
مفاصل,1
شنبده,1
داستانیش,1
خرجی,1
درهم,1
پخشتونو,1
فابریکشونو,1
انتخابای,1
گینش,1
جلویه,1
فابریکه,1
زمانها,1
هدستمون,1
هدستها,1
وظیفم,1
هموطنهای,1
خاصه,1
میپرسید,1
ناگهانی,1
گیمرای,1
آهنگی,1
عالییههه,1
سریایه,1
اخری,1
موجودکرد,1
همیشم,1
عالیو,1
کونسول,1
اولو,1
سبکتر,1
ضربدر,1
بهتتون,1
مشهور,1
یکین,1
ساختشون,1
ناحیه,1
تقسیم,1
اجار,1
تفریح,1
میسازن,1
نظران,1
خوبت,1
صدم,1
اوردنش,1
محیج,1
کمیداغ,1
نمیتوانید,1
دستهها,1
تایی,1
نگاتیو,1
باندلها,1
باندلش,1
خریدارا,1
سیور,1
ژیروسکوپ,1
محور,1
گرا,1
تقریا,1
ناداوری,1
زیادتره,1
نمردیم,1
ومعنی,1
میگی,1
خبرا,1
پارتی,1
ومهمونی,1
حنا,1
مزیتش,1
بخارشو,1
انوی,1
دکوری,1
وصرفا,1
گستره,1
وتقسیم,1
وسیع,1
وعملا,1
فرستندههای,1
ویلا,1
قاعده,1
مستثنی,1
سنسورهای,1
ووووو,1
هیترها,1
جایگاههای,1
مربعی,1
بهای,1
بساب,1
مخدوش,1
وتبریک,1
ودوستان,1
زحمات,1
عزیزدرخواست,1
درگاههای,1
دسنگاه,1
میدانیم,1
فانکشنهای,1
بگذارند,1
ضمیمه,1
نمیشیم,1
وضعیتیه,1
پیستون,1
زودهنگام,1
مچالهتوی,1
جیبم,1
حساسیتی,1
پیروی,1
قبلیمون,1
داداش,1
اطرافیانت,1
تودم,1
میکروفونشم,1
پیشننهاد,1
میخرپ,1
بطوریکه,1
خلوت,1
آیپاد,1
یکهفته,1
غروب,1
پیگیر,1
شکایتم,1
ایمیل,1
بهمون,1
قبلن,1
درصدم,1
تعهداتش,1
پایبند,1
تجارت,1
رونق,1
بررسیهای,1
استایت,1
سِت,1
قدیمیناسیونال,1
خشکتر,1
مون,1
انطوری,1
واقعیتش,1
توانهارو,1
پارامتر,1
اسیابش,1
شاپم,1
معکوس,1
جرقا,1
علاقمند,1
مهمونیهای,1
شاخیه,1
خودمونی,1
جداکردن,1
کمیکوچک,1
چهارقاچ,1
ژولای,1
وحسابی,1
یکروز,1
سیمهاش,1
نقایصش,1
ببرند,1
ضریفش,1
ناموجوده,1
وما,1
بهترییییییییین,1
فصلهای,1
افتادنش,1
هیییییچ,1
حاوی,1
تفالس,1
نخرددم,1
وحدود,1
بپرسم,1
مغایرت,1
بردارن,1
تلوزیونتون,1
مناسبتون,1
بادوسوّم,1
هرنظر,1
برتره,1
مزیتشم,1
حملشه,1
فروشگاهی,1
پیشنهاو,1
بازاریابی,1
میترسی,1
زانهایزر,1
دلیوری,1
میایسته,1
ارگونومیهای,1
جایگیری,1
نمیرود,1
ارگونومیکی,1
میخوابد,1
شاخکهای,1
انعطاف,1
ورزشی,1
جنگل,1
وزش,1
حالیت,1
منتظره,1
ملو,1
نمیدید,1
خاکهای,1
لو,1
آنالیز,1
شفافیتش,1
پونصد,1
شونزده,1
شانزدهها,1
برهوت,1
رازر,1
کراکن,1
الالن,1
دوهزار,1
چهارده,1
اوایلش,1
اطرافش,1
باکلاسیه,1
رپ,1
وصداش,1
نویزه,1
وفرکانس,1
سرت,1
مرتیال,1
هزارتومن,1
سیمشه,1
قطعن,1
فعالین,1
موزیکی,1
دث,1
خوبیو,1
گویی,1
تراک,1
نمیباشدو,1
داردو,1
وصلی,1
روئ,1
میگوید,1
گوشهاتون,1
قائل,1
آدیو,1
تکنیکا,1
صداشون,1
تمیزی,1
محصولاتم,1
دوستای,1
موزیکتون,1
اطرافیان,1
مزاحمشان,1
عاالیییییییییییییه,1
پانصدی,1
امضا,1
نمیگیرن,1
حاره,1
گرمسیری,1
بذارینش,1
اینایی,1
بذارمش,1
سرمایشش,1
تصفیه,1
رطوبت,1
نمینویسه,1
گذرمون,1
حتماپیشنهادمیکنم,1
تاجشنوا,1
زش,1
توفضای,1
بازعالیه,1
عال,1
رایگانشو,1
نفرستادن,1
فاکتورشو,1
نمیفرسته,1
میفرستن,1
طولانیش,1
مصرفیشو,1
مردمه,1
سرماش,1
فاظالب,1
جمعش,1
گلها,1
خارجیش,1
مل,1
ھدفونہ,1
خوبیہ,1
عالیہ,1
بخرہدپشیمون,1
لازانیا,1
غذاهارو,1
لازانیاو,1
متانت,1
کارگرای,1
هنوزه,1
ذهنمه,1
برگزاری,1
جشن,1
کمیبیش,1
کوبنده,1
گوشنوازی,1
خچال,1
جایخی,1
بازکردن,1
آنجایی,1
یخِ,1
نمیبندد,1
تزئینی,1
رسمیهم,1
یخچاله,1
هند,1
رسما,1
ریختنه,1
یخزدایی,1
مودرنظر,1
پختهای,1
رایت,1
بلو,1
بذکر,1
دیدنه,1
میمونید,1
عست,1
عستم,1
تعقیصداش,1
وگردبادی,1
استبگرش,1
خاکها,1
پرزها,1
جمه,1
تعقیبش,1
محولات,1
اروپای,1
غربی,1
چینیها,1
کاردستی,1
چارسو,1
سندبار,1
خاظر,1
بوفه,1
میلرزاند,1
سیقی,1
کارشناس,1
نمیدونست,1
عیر,1
راههای,1
ساندبارهای,1
شستشویی,1
نداشتیم,1
میکن,1
باندو,1
قعطی,1
فولم,1
بکنی,1
چهارستون,1
خون,1
نورپردازیه,1
یوزر,1
کارائوکه,1
تنظیماتشو,1
جیش,1
انچنان,1
مانور,1
جنگی,1
خمپارهها,1
الجى,1
برسسیش,1
حیفم,1
نظرى,1
ندم,1
وى,1
زیرنویسشم,1
همونطورى,1
ناخوانا,1
کارى,1
اینطورى,1
موسیقى,1
چى,1
کسایى,1
بزرگى,1
مرزهای,1
معدود,1
گجت,1
قیامت,1
صدابرداریهای,1
شجریان,1
خشکن,1
هوایی,1
نشویید,1
خردید,1
لباسشوییهای,1
یکمیصدا,1
قشنگتره,1
ماکروویوها,1
بافتها,1
خواص,1
خرطومیش,1
براثر,1
مجاورت,1
وقنی,1
خرطومیجاروبرقی,1
تعمیرگاهی,1
آدرس,1
چهارراه,1
ظهور,1
کاروزندگی,1
بیافتی,1
سولاردامهای,1
ستایش,1
لباسهایشان,1
کاهورو,1
بوگیر,1
تقلبیش,1
هنسفری,1
ارگونومیخوبی,1
آز,1
هندسفری,1
ارگونومیخوب,1
ازگوش,1
میشنون,1
بایدم,1
بشنون,1
مشمول,1
برقیه,1
اندکر,1
سایکلون,1
اورانه,1
کاراست,1
غبارو,1
کسیه,1
واقفان,1
تمعییر,1
طو,1
لانی,1
خریم,1
هنزفریها,1
هنزفریهای,1
صداهاشون,1
هندس,1
محیز,1
کانکتور,1
اتوبان,1
ارگونومیمتفاوتی,1
کمیارگونومیشو,1
نپسندیدم,1
فیریز,1
سایدهای,1
هواستون,1
فریزرش,1
منجمد,1
مراکز,1
سینماهای,1
محیطی,1
قیمتشش,1
سینکش,1
نکنیدبرای,1
هستدر,1
بفرمائید,1
حتمد,1
اتصلات,1
لولهها,1
قفلی,1
غالبا,1
وسته,1
فلشتونو,1
خریدارها,1
اونچیزی,1
بلوتوثش,1
هاموش,1
فوته,1
درمشخصات,1
فوت,1
وباید,1
هرصورت,1
جاگیره,1
بیشترهم,1
میریزید,1
ودستگاه,1
ابکشی,1
نظرمن,1
لباسهاروهم,1
نمیشوره,1
خوشکله,1
مش,1
مارکی,1
لکها,1
چربیها,1
شکیلتر,1
رومانو,1
جنوبیست,1
یخساز,1
محفظظه,1
سنگبن,1
تسمه,1
مزاحمش,1
جشنواره,1
یاسوج,1
برخوردشون,1
قانعیم,1
نصابه,1
گارانتیو,1
شهرستانها,1
پرسش,1
انرژیش,1
باندهایی,1
شستوشوش,1
کیلویی,1
مبکنم,1
مایکرو,1
ویوها,1
مایکرویو,1
ترجمه,1
آشپز,1
بارش,1
خعلییییی,1
خعلیی,1
هزارتومانی,1
برچیسبش,1
ولاس,1
مضرف,1
آبشه,1
توزین,1
پشمیکار,1
بابل,1
لطافت,1
پودرها,1
الماسه,1
میزدی,1
آذر,1
میکروفونِ,1
چپِ,1
میکروفونها,1
ضبطش,1
غافلگیر,1
بیسیمش,1
کارامده,1
دستگاهایی,1
مس,1
مدن,1
دراین,1
کارشو,1
حباب,1
سازش,1
سریعش,1
لباسهارو,1
نزارید,1
سیکل,1
متغییر,1
پشمی,1
انالوگ,1
کلیداش,1
ارگونومیبیشتر,1
اجراست,1
بازهای,1
وجک,1
جکتا,1
چَسبیده,1
والان,1
ربانی,1
سیستمیبا,1
رنساس,1
جریمه,1
کردنبا,1
دیلی,1
پاد,1
ضبطی,1
میساخت,1
همینوخوردم,1
بالشتکش,1
تبدیله,1
برقه,1
خواستی,1
فروشندش,1
توپ,1
پایونییرو,1
آمپیلی,1
باندارو,1
آهنربای,1
نرمو,1
میکوبونه,1
میشنوه,1
عاااااالی,1
تاقچه,1
ماکسیما,1
خوردوشون,1
بوبین,1
گوها,1
درایوشون,1
تنطیم,1
مزخرفه,1
اباد,1
چشمیفرستنده,1
شمام,1
ختم,1
چشمیگیرنده,1
ماشینشون,1
سیگنالو,1
چشمیضبطشون,1
شاگرده,1
اشغاله,1
نیاوردم,1
ضبطو,1
چشمیرو,1
وعالی,1
چشمیضبطتون,1
کجاشه,1
تعمیراتی,1
چشمیشو,1
شوق,1
پاوز,1
آهنک,1
فابریکی,1
ماشینهای,1
تمجید,1
نظرتون,1
میگرده,1
تخریب,1
هلیکس,1
کمیشبیه,1
کامپهای,1
تویتر,1
بفهمه,1
چجور,1
کیسههای,1
خیلیخوب,1
پرایدهای,1
داشبورد,1
رودریهای,1
دوستایی,1
لطفاااا,1
امپیلیت,1
وولوم,1
چینیشم,1
وصله,1
دنا,1
تیوترش,1
جداست,1
شدنصبش,1
خرطومیدر,1
ردش,1
باندِ,1
ماشینتون,1
تعویضه,1
ارومیدر,1
ضمینه,1
اصلیترین,1
لالۀ,1
حفرۀگوشی,1
زوقم,1
پلاستیکش,1
براقه,1
کیفیتیش,1
سلیقهها,1
پیداست,1
چریکی,1
لایوهای,1
سپهر,1
خلسه,1
کلوپ,1
ومنفی,1
اامروز,1
تمامیابرهای,1
هدیتهای,1
مسکل,1
استاد,1
میشنید,1
فریاد,1
میتووونم,1
خوووب,1
هدستو,1
فوم,1
ضعییفن,1
یذره,1
دارشو,1
برگشتش,1
کمیو,1
بورت,1
یتونه,1
نصیبش,1
محصولتون,1
کینکتی,1
آمداده,1
کینکتشه,1
سرگرمیساخته,1
حوزههای,1
میپردازند,1
رقابتی,1
همونا,1
معیار,1
کنسولهای,1
کزد,1
رقیپ,1
جدای,1
نمایشگرتون,1
مظیر,1
فورزا,1
گیمری,1
تلخترین,1
باکسم,1
علاقتون,1
سردرگمیباشه,1
قطمت,1
حوضه,1
تعدادشون,1
ایرانیهای,1
جامون,1
افتخار,1
ببریم,1
سللم,1
دستمون,1
اکی,1
ترکیدن,1
کانورتر,1
ولتش,1
ترکیده,1
کمیوقت,1
هودهای,1
درسا,1
رسان,1
تراهرتز,1
برانصبش,1
ایراداتی,1
کمیسرعت,1
وزیر,1
فونت,1
اقع,1
تنوری,1
رومیز,1
میایند,1
گرید,1
میپاشه,1
فراوون,1
پالتو,1
فروشندگان,1
معتقد,1
زمستانی,1
استیم,1
گلاید,1
چیزاست,1
صفحههای,1
برشش,1
ظرفشم,1
کرمان,1
کدتخفیف,1
مرکبات,1
اصطلاحا,1
مسئولیم,1
واگذار,1
انگلیس,1
نظارتی,1
عاقلانه,1
نرسد,1
نویسهایی,1
نویسهاش,1
فروشگاهها,1
جاروبرق,1
وجوره,1
مسن,1
اینور,1
اونور,1
بکشن,1
لهستان,1
نوشتته,1
جاروش,1
نمیدهم,1
کریسپی,1
جونم,1
دعا,1
محشریه,1
بزودی,1
حرفشم,1
رابطش,1
فیلیپسم,1
هدستهای,1
دستگاهم,1
وامیسه,1
واضحه,1
کاشکی,1
باصرفست,1
برگر,1
رژیم,1
روزیه,1
خردکنها,1
حواسمون,1
هلند,1
نگذریم,1
سردرد,1
میآورد,1
چسبناک,1
اسفاده,1
اعتماده,1
کمینشت,1
همزنهای,1
راضییم,1
نمیسورونه,1
شتیده,1
گوشامونو,1
گوشاشون,1
کاپ,1
توتنظیمات,1
اکولایزز,1
کنبن,1
ویولون,1
دهنی,1
تکنیکی,1
الانبه,1
بالاجبار,1
بگیرندُ,1
میفروختن,1
هرچقد,1
شفت,1
پرهها,1
دندههای,1
چرخاننده,1
خانم,1
میشکند,1
میرداماد,1
چطوری,1
آبمرکبات,1
گیرهای,1
نوش,1
راستشو,1
ایتجا,1
متذکر,1
مهمیبه,1
ایترین,1
جرأت,1
اییرفون,1
لیستشون,1
سورپرایزتان,1
شال,1
حریر,1
دقدقه,1
دمایی,1
واهمه,1
اساسیترین,1
مطلع,1
اونچه,1
کاکردن,1
وجودیکه,1
رفیق,1
آشپزه,1
خرییدشو,1
پلک,1
دلمونتی,1
درمیاورد,1
وضوحش,1
بدیه,1
عمومیپخش,1
فرکانسها,1
پاپهای,1
ریزر,1
سنهایزرها,1
مراعات,1
کمینازک,1
ظریفتر,1
بالش,1
جیبهای,1
زائده,1
بدقولی,1
میفروشه,1
بپوشید,1
نقدم,1
روبازکردم,1
وکتری,1
شدوخیلی,1
نبایدکتری,1
وقوری,1
برامن,1
میخوامش,1
مسیو,1
ویران,1
بایدحتما,1
صداتون,1
بلاش,1
ساختارشم,1
مساحت,1
دستیها,1
لاکچری,1
پلیرهای,1
گوشمه,1
یجاوگیری,1
کمیرو,1
نشکنه,1
نشانگری,1
نرسیدم,1
اکیدا,1
تخصصم,1
ماس,1
شنید,1
موسیقیست,1
خوییست,1
جایگذین,1
قدیمیشد,1
مشخصی,1
نمیدانم,1
لزوم,1
نیوایج,1
میانگینی,1
حالتها,1
میرساند,1
اساسا,1
بفرستیم,1
دهیم,1
ظریفترین,1
جوابگوعه,1
مقبول,1
موسیفی,1
قلقش,1
کمیبه,1
موادتون,1
بیسشم,1
دنیاست,1
فوقولادس,1
قبمتش,1
بیسه,1
کارواشه,1
گردبر,1
امتحانشو,1
نقصیه,1
جدیدیه,1
احتمالآ,1
میچرخونیش,1
حسش,1
رسیدفقط,1
ودفترچه,1
چنان,1
خفیف,1
بگرین,1
درشگفتانگیز,1
شگفتانگیزهای,1
انتظاراتی,1
گند,1
مجلور,1
بیندازام,1
بندازمش,1
کابینتها,1
سیلیکون,1
بیندازمش,1
وسایلاش,1
تجهیزش,1
درنخوره,1
وقابل,1
بتادین,1
بودهمین,1
ارگونومی,1
ارگونومیهدفون,1
کاپهای,1
خصوصیاتی,1
اسفنجیهای,1
منافذی,1
نمیکنمش,1
کمن,1
احاطه,1
ضبت,1
هو,1
اندازس,1
همیپ,1
صدات,1
اصلیشو,1
اتم,1
لایق,1
بدجوری,1
تومنیه,1
نامیدم,1
بریدش,1
وزیبا,1
دستگیرههای,1
دوطرف,1
دراستفاده,1
دلهره,1
نمیگه,1
برزرسانی,1
جرز,1
علیکم,1
بسیارعالی,1
خصوصأ,1
پهلو,1
مقابلش,1
کمیزاویه,1
محسوسه,1
آدمیهستم,1
روکانالای,1
کششهای,1
رختخواب,1
حفرههای,1
بلندگوهاشو,1
مدنظرتون,1
نیاوارد,1
دیدین,1
دیچی,1
عث,1
رنگبندی,1
درنگاه,1
دلسردتون,1
کفیها,1
ضدچکه,1
دراختیارتون,1
زدا,1
بخارتوربو,1
پرکردن,1
دنیال,1
راض,1
کلویناتور,1
ثانی,1
نایلون,1
ثالثا,1
پولتان,1
ودرعین,1
کتف,1
وازاتو,1
ضعفایی,1
مدلهلی,1
میخوایم,1
پاسخگوی,1
لباستون,1
سرویسی,1
ابزاربه,1
راندمان,1
تفلونی,1
هشدار,1
دماو,1
کدبانوی,1
زوزه,1
ازسطح,1
کنجد,1
انگور,1
دانه,1
کلزا,1
افتابگردان,1
آکرولئین,1
مضرات,1
روغنها,1
گلرنگ,1
آفتابگردان,1
سویا,1
کانولا,1
گلزا,1
بادام,1
واکنش,1
بام,1
آداپتورش,1
زیرنویسشو,1
بلدنش,1
توو,1
لذتی,1
نبردید,1
مثبته,1
تووی,1
نمیاوردن,1
منابع,1
جزییاتش,1
نقریبا,1
تمامینظرات,1
هرجوری,1
مفیده,1
سرشون,1
ببرن,1
هیچوجه,1
بداخل,1
سیمیک,1
اتوماته,1
بپیچید,1
مزیتیه,1
معروفیه,1
ساعتولی,1
نازکشه,1
امیدتون,1
اصیل,1
ایتون,1
بسازید,1
پرحرفی,1
پوله,1
ورژن,1
ایرادت,1
نقصان,1
باها,1
نرافزاری,1
احساسات,1
سرکله,1
باشتباه,1
الناسه,1
بابا,1
گردنتون,1
قسط,1
نخریده,1
نامطلوب,1
آپارات,1
چاخان,1
اینستاگرام,1
نماوا,1
اپارات,1
وفیلیمو,1
تلوبیون,1
بکشی,1
رونمایش,1
استنبدبای,1
چراعش,1
تمامیامکانات,1
میراکست,1
جاسوسی,1
سوزن,1
میکروفونه,1
بپرسید,1
اسکرینش,1
ذیل,1
وخوش,1
بها,1
سادگی٬,1
قبول٬,1
بدوووووون,1
مضر,1
کمیروغن,1
ترد,1
نصرفه,1
دردسری,1
نمایندگیهای,1
مثبتشه,1
اهرمیکه,1
وباقدرت,1
هستشرنسبت,1
تشابهات,1
اسمیبه,1
سرچی,1
تعلق,1
ااست,1
میشناسیم,1
رجع,1
ً,1
میدش,1
عشق,1
بیسِ,1
موزیکه,1
موزیکو,1
بشنوه,1
بلدن,1
اتویی,1
حرارتش,1
روسری,1
زنانه,1
مسلمه,1
هنز,1
جنساش,1
روپوش,1
گوشنوازه,1
نرمش,1
پلیرتون,1
ناامیدتون,1
پولیو,1
سفیدشش,1
گجتهای,1
گوشای,1
گوشام,1
روشور,1
کابینتیها,1
کمینگرانم,1
بتینی,1
انگلستان,1
وموتورش,1
خوبیییی,1
کارگیری,1
حواسش,1
درخواستهای,1
زمینههای,1
دریلی,1
سبابه,1
دوانگشت,1
گرقتگی,1
تغیر,1
ضیف,1
احسناالخالقین,1
دریلو,1
میگنم,1
وجو,1
قدیمیترین,1
اچارهای,1
واجبه,1
الملی,1
کارِ,1
تلوویزیون,1
فرکانسیش,1
تها,1
متفاوتش,1
متریشه,1
میهنان,1
مینشینه,1
ایرادهایی,1
بلمد,1
تستفاده,1
پایونیره,1
عیبه,1
ووش,1
سنهایزرم,1
نگاهشون,1
سکوت,1
لزومینمیبینم,1
خای,1
ناپذیری,1
نشستنش,1
نمیکنمچون,1
ارزشه,1
اینومحصول,1
نمیتواند,1
خرمای,1
پیارم,1
خرماهای,1
میزند,1
محصلات,1
میدادیم,1
روزا,1
فعلآ,1
مرعات,1
هیییییییییچ,1
ماکه,1
گزینست,1
مدلا,1
افتادگی,1
تهرانه,1
خوشدسته,1
اتومیکنه,1
اتوروچندهفته,1
وراحتیه,1
رولباس,1
وچروک,1
هاشونوبازمیکنه,1
میشدتانگران,1
نمیشدم,1
وجورمیشد,1
کارآمدتر,1
علیت,1
بروی,1
یکپارچه,1
لانچرشو,1
ومحصول,1
شناس,1
بینیهای,1
زبون,1
روزها,1
طولانیتر,1
ادع,1
پلنگ,1
جزییاتی,1
پایش,1
تلوزیونها,1
پولتونوهدر,1
براندهای,1
رنگیش,1
ول,1
چادر,1
نامرغوبی,1
راهنمارو,1
میزنیش,1
خیالت,1
هایشان,1
دودلن,1
اتفاده,1
مشکلیم,1
ریزش,1
توخرید,1
عطری,1
اومدی,1
ارم,1
میگفتم,1
میپزد,1
قارچ,1
بسنجید,1
کنهای,1
رژیمیدارید,1
باربکیو,1
شوک,1
نوسانات,1
کنجکاوری,1
چهارصد,1
برار,1
محافظهاست,1
کوچمون,1
همسایمون,1
تلوزیونشون,1
برقکار,1
نیمسوز,1
تکفاز,1
محافظهای,1
ایمان,1
یکنید,1
استوپ,1
هجم,1
توجبهه,1
سرجاش,1
میستاد,1
ازیت,1
استریوهای,1
سازندههای,1
قدیمیمثل,1
آوردید,1
فازتون,1
هلالشون,1
خرطومیبه,1
جاروبرقیه,1
بصری,1
بادست,1
اونرو,1
خرطومیرو,1
زیرنویسها,1
نوشتهها,1
دوتای,1
شافت,1
بچرخانید,1
استرس,1
موفع,1
رسوندند,1
راشی,1
آبرومو,1
واینگار,1
چیزایی,1
میریم,1
چبزایی,1
نویزکنسلینگ,1
سونداستیج,1
ارکسترالهای,1
سولوهای,1
ریسپانس,1
اتک,1
ترنس,1
سرجک,1
سوما,1
سفتتر,1
خاصیتشو,1
نابهنجاری,1
تبلیغاتش,1
چهارما,1
پنجما,1
موند,1
حجیمیمیزد,1
چقدرم,1
هاییه,1
سردتر,1
نویرکنسلینگ,1
اطرافتون,1
پونزده,1
هیچگدوم,1
گرمتر,1
بالانستر,1
جذابتره,1
ناصری,1
بدبین,1
شیاومی,1
فیو,1
داشتنش,1
کمیتصویر,1
اسلوموشن,1
گیرندهها,1
چرخه,1
اینحا,1
حارو,1
تولیدش,1
تحملش,1
سقفش,1
مینوید,1
اخرم,1
گوششون,1
نمیآورد,1
کمیمتفاوت,1
وهله,1
مافات,1
اپشنی,1
وسعت,1
کیفیف,1
بارزترین,1
معرکهمیشد,1
معرکست,1
فیلترینگ,1
نویزگیری,1
گوهاش,1
جیبت,1
هندرزفری,1
میارید,1
گرشو,1
کردنشم,1
نگهداریش,1
نقشی,1
میدارید,1
نمیکینه,1
ترمبل,1
استاندارده,1
ریت,1
شدیدترین,1
تیراندازی,1
انفجار,1
اوج,1
سبکش,1
کوش,1
ایرپد,1
هدفونى,1
شیرجوش,1
بخواطر,1
تحد,1
لینوکسه,1
انتظارتون,1
فانتزی,1
یکسوم,1
نشانی,1
نوک,1
کتون,1
لباسایی,1
کمد,1
بدند,1
استثنائیه,1
چت,1
خیلیهای,1
خریدارش,1
مهمانی,1
اکبر,1
کمیمصرف,1
بندازیه,1
نپتون,1
ازبازار,1
مغازم,1
بودمن,1
اکوهای,1
مخفی,1
وبیس,1
نمیکه,1
نانش,1
ازجمله,1
نیا,1
درخور,1
تایپهای,1
موسیقایی,1
صراحت,1
کوبش,1
سنجهای,1
درامز,1
شایسته,1
سربندی,1
افتی,1
یکدستی,1
اه,1
ایرفونا,1
پلیرم,1
باهردو,1
میخواهیددر,1
صداتره,1
تفوتی,1
آیفونو,1
سنهایزره,1
تدابیری,1
اندیشه,1
میگردم,1
مسر,1
باسیم,1
جیها,1
آشنایی,1
بیسیمهای,1
خلبان,1
ناگهان,1
تخیلی,1
بگیریت,1
حتمیباید,1
کارواشتون,1
شله,1
چفتشان,1
بستش,1
ضامنش,1
لقه,1
خوره,1
جى,1
ایرانى,1
نگیرم,1
کتمل,1
توقعتون,1
انتن,1
یخرده,1
مهمم,1
خدماتشم,1
کمبودی,1
پارامترهایی,1
غلطت,1
روگوش,1
میگردند,1
پرداختین,1
کتابخونه,1
تکمیلی,1
فرمیکه,1
لرزیدن,1
توجیهی,1
گذاشتی,1
وکیفییت,1
ردیفهای,1
شدی,1
یکشنبه,1
رومیرسونه,1
مربیعش,1
پذیره,1
طرفشو,1
میذاشتی,1
میگرفت,1
تبخیر,1
نپزه,1
چربیه,1
شناوره,1
صاحب,1
میبردند,1
کالاهاشون,1
آلات,1
وطبق,1
هواپیمای,1
خفه,1
بودنشو,1
سفارشی,1
مزیتها,1
لذتش,1
وصدایی,1
بسارخوب,1
وتفکیک,1
شمارا,1
باسامسونگ,1
استقبال,1
عهد,1
بوق,1
میبردیم,1
گفتیم,1
فلاسکها,1
ئیش,1
پسوندی,1
تکانی,1
گروه,1
تلنولوژی,1
رادیوی,1
حواسم,1
رفام,1
وچروکهاى,1
ازبین,1
وکاربردیه,1
دلارو,1
میبینین,1
نانهای,1
نگهداشت,1
کشوهای,1
کپها,1
بقدری,1
اشباع,1
تنهای,1
دلنواز,1
عذاب,1
اورترین,1
سرتونه,1
ارطش,1
سستی,1
پریزش,1
ومحکم,1
زمخت,1
موبایلهای,1
آزادشدن,1
میاندازید,1
روگوشی,1
فصول,1
میمانند,1
گوشتان,1
میآوری,1
آبروریزی,1
پائین,1
میکردید,1
میذاشتید,1
اونجاییکه,1
میبودش,1
شمالو,1
علفایی,1
قطرشون,1
ساختمون,1
هستنو,1
علفای,1
بندیشه,1
بودنو,1
بیخیال,1
بودنه,1
حیاطو,1
زدنش,1
ارزونترینه,1
باغ,1
گوده,1
داس,1
صوزنی,1
واقعیی,1
دریافتی,1
آلمیچر,1
عرایضم,1
صادقانست,1
حاشیههای,1
چمنهای,1
زنها,1
ماهیت,1
تیفه,1
انکه,1
چیدن,1
کاملااز,1
انجا,1
کنیدتا,1
وخاک,1
نکند,1
متراژلازم,1
سهوی,1
زمینهای,1
کلفتتر,1
کوچولوش,1
تطابق,1
بخونن,1
سبزش,1
بخورم,1
لبم,1
میسوخت,1
دقق,1
وو,1
ضخیمه,1
میگویم,1
کامپیوترم,1
اتصالی,1
خانمان,1
محلتان,1
تیییییزه,1
انگشتم,1
ناباوری,1
برییییید,1
کیفیتشو,1
میکشن,1
مشتریها,1
برسونن,1
چنگال,1
یونیک,1
ترم,1
عروس,1
خانمای,1
سنگینش,1
شیرینی,1
پزی,1
گرفتیم,1
توربو,1
نمبکنید,1
مخلوطهای,1
شیکم,1
میکردین,1
دستهاست,1
کاردهای,1
کاردرا,1
بقول,1
قدیمیها,1
ماست,1
پیشنهادی,1
قاچ,1
چرخیدنشه,1
چندماهیه,1
خشکامو,1
سبزیتر,1
نیوفته,1
فیمتش,1
همبرگر,1
شنیتسل,1
کشوری,1
توشگفتانگیزخریدم,1
توشگفتانگیزارزش,1
خریدداره,1
کمیبزرگن,1
کمیطراحی,1
وباعث,1
دایکاست,1
واسمون,1
نتئنستم,1
نمونشو,1
پیداکنم,1
بینظیرترین,1
مارکها,1
خریدشک,1
مکندگیش,1
چراکه,1
حسه,1
بکارتون,1
زباله,1
غبارها,1
ظاهراً,1
بلوورها,1
طورند,1
تبریک,1
بشخصه,1
خرطومیکه,1
خاری,1
استقامت,1
نذاشتن,1
اصلاعات,1
ضمناً,1
برویل,1
تاییدش,1
ملاحظه,1
زدند,1
امیووارم,1
خریدها,1
بهترینها,1
گرتم,1
میدانم,1
تمامینکات,1
ویژگیها,1
هستنند,1
میپرسم,1
مکشی,1
آرگونومیو,1
تلسکوپی,1
گرفتنم,1
فقد,1
بفروش,1
باپول,1
موتورپرقدرت,1
وتمیز,1
وارسال,1
وقیمت,1
امیردانش,1
اعضا,1
نوزاد,1
میاورییم,1
انرژیشون,1
معایبشان,1
مزایایی,1
عموما,1
اختلال,1
موتورخانهها,1
یرخی,1
معتقدم,1
ذهنیت,1
هرگونه,1
خلاقیت,1
حوزه,1
آرزومندم,1
خطوط,1
منحنی,1
زائدههای,1
فرآیند,1
تولیده,1
کمیبی,1
نظمیو,1
نادیده,1
کمیکوتاه,1
اندازد,1
چگونگی,1
برخواهد,1
مهار,1
سخن,1
المقدور,1
چندراهی,1
مسدود,1
پاییز,1
زمستان,1
میگذارد,1
ناکه,1
ودقیق,1
ایتالیایی,1
پنجمین,1
فنه,1
ایتالیا,1
اتاقو,1
کمیصدا,1
ذات,1
پروانه,1
قطعاتشم,1
هیتری,1
عصای,1
کوچولوم,1
جاروبرقیم,1
بلندتره,1
سبکیش,1
دفترچش,1
کوچولوی,1
کاربلد,1
میذاری,1
قانع,1
تزیینات,1
حسنش,1
نمیخواهد,1
میچرخه,1
خشاب,1
میخواهین,1
ولتی,1
حاظر,1
سماور,1
میپسندند,1
نوشیدنیهای,1
کردنی,1
صداتر,1
برقکارها,1
آشپزخونس,1
آیتماش,1
یم,1
تلفنهای,1
سکه,1
آفتابه,1
مفت,1
ربع,1
قبولِ,1
هتما,1
حزر,1
پلوپزهای,1
نواقص,1
زیادیست,1
مهتر,1
گرمایش,1
برقش,1
برقهای,1
پلوپزهایی,1
سعیمونو,1
کارخانهها,1
نگذاشته,1
استانداردومطلوبیت,1
وبلحاظ,1
بصرفهتر,1
محافظی,1
طرحشزیبا,1
سَریهای,1
حیات,1
جفجفه,1
قلمداد,1
سودی,1
کشویی,1
جغجه,1
کاربردترین,1
گوشتیها,1
قد,1
افاضات,1
متفاوتشان,1
ذائقه,1
کاکائویی,1
عربستان,1
محلی,1
شکلاتهای,1
خشکهای,1
ملامین,1
معدوم,1
باتاریخ,1
مادرتون,1
داغتر,1
نگید,1
نیروی,1
بازارهای,1
هدف,1
تجاری,1
نمیرسد,1
بخواهد,1
انکر,1
بولت,1
وسایلی,1
مجوز,1
نمیزند,1
رول,1
بولتهای,1
میبرند,1
خوندی,1
تمامیمدلهای,1
خریدهام,1
گوشتای,1
استیلشو,1
ساییده,1
نرفتم,1
قدیمیش,1
گمتر,1
منسوب,1
صادقانه,1
نوبه,1
فرهنگسازیه,1
تیغهای,1
آلیاژ,1
اصلاراضی,1
نمیچرخید,1
مداخله,1
مسئول,1
شکایات,1
وداخل,1
قو,1
پیامکهای,1
تبلیغاتی,1
دیک,1
نقصهای,1
محکمیبه,1
گرمی,1
میگذاشت,1
نوعذماده,1
نفریم,1
زیاااد,1
قالی,1
باجایگزینی,1
کمردردو,1
پاتون,1
واژگونی,1
درطول,1
وزیاد,1
بلندمیکنه,1
وراحت,1
زیادنیست,1
وجابجا,1
ومانندبقیه,1
نابودش,1
وتشکراز,1
بانظرسنجی,1
ازدوستان,1
بااظهارنظراشتباه,1
دیگیران,1
فرصتی,1
سالات,1
رند,1
برشی,1
ورقههای,1
سایزها,1
ضخامتهای,1
نمیخورن,1
همسان,1
خارجشون,1
بیافزاید,1
چرخشی,1
ضعیفترین,1
تیفهها,1
چسبندگی,1
مخروطی,1
بازنگری,1
مهندس,1
بشویید,1
المنتها,1
اتفاقاتی,1
کمیریسک,1
محسوسی,1
لیسانسه,1
زیادتر,1
کمیاست,1
مهمیاست,1
دستانتان,1
ترمز,1
باغبانی,1
هیزم,1
حرص,1
درختان,1
ریل,1
اورگون,1
آمریکاست,1
کمیمشکل,1
موتوری,1
آمریکایی,1
سختتر,1
چوبهای,1
مخصوصش,1
زنجیرش,1
نمیخرن,1
باغی,1
بستنش,1
کمیمشکله,1
موتورشم,1
کامنتا,1
بشوریش,1
معتبره,1
جاست,1
مشت,1
نترسن,1
بدقول,1
موندیم,1
کاملاااااااااا,1
هفتاد,1
تکههای,1
عدداز,1
خیالتان,1
نفرات,1
قیف,1
زیاذ,1
گردشی,1
کمکتان,1
ایرانه,1
پق,1
احیانا,1
کاردرست,1
دوملیون,1
خزره,1
حیفه,1
توجهیشون,1
تعجبم,1
مبدهند,1
هتل,1
بباورند,1
واحتمال,1
آرد,1
میبینه,1
خمیر,1
خبلی,1
شستنشم,1
سحت,1
هزارمکافات,1
توریه,1
تفار,1
میچرخونه,1
ایراداتش,1
عمیقترین,1
کاملانسبت,1
ماهیه,1
فورمالیته,1
جهیزیم,1
خودمه,1
قبال,1
بوسیله,1
خداوکیلی,1
ردی,1
نمیگذاره,1
تمامیلباسهای,1
آهنگارو,1
یکمیاستفادش,1
نگهدارندش,1
یکمیعذاب,1
ایرفونم,1
نمیشناسش,1
جویاستیک,1
مبایلم,1
ژله,1
مبایل,1
مبایلتون,1
چندسالی,1
اهنگری,1
شاستی,1
کیفیتس,1
الویه,1
کردنهایی,1
معجزه,1
مفیدیه,1
نظایر,1
العان,1
کمیضعیف,1
بیخودیه,1
اعصابمو,1
رندهها,1
ابمیوه,1
آبن,1
گوشتش,1
خردکردن,1
حلقه,1
دورمعکوس,1
کمیزیاد,1
مهستان,1
چدن,1
جداشدن,1
نشاندهنده,1
قرارش,1
وحشاتناکی,1
سرازیر,1
گوشتکوبش,1
خردکنش,1
اومدم,1
آبه,1
ورش,1
معروفی,1
تکوندن,1
خوردکنشم,1
ردیاب,1
هادی,1
علایم,1
موقعیتهای,1
اخطار,1
آمیزی,1
شیلنگ,1
فنری,1
شلنگ,1
پیستوله,1
مغایر,1
وخسته,1
لباسشوییی,1
بدستمون,1
کاسپین,1
مشگلی,1
دیشب,1
روانداز,1
ثبات,1
تندو,1
دوساعتش,1
بیصداست,1
کنترولش,1
رغم,1
سرشکستگی,1
وخجالت,1
چرخشهای,1
اگربخواهید,1
صرفنظر,1
تقاضادارم,1
باشدو,1
زمانیکه,1
میوههای,1
ممون,1
مخصوصااا,1
قدمت,1
راستگرد,1
میخوا,1
اشپزخونه,1
میریزیم,1
نمیتونیم,1
بفهمیم,1
نامشخص,1
همیچیش,1
لباسام,1
کمیلق,1
نزنم,1
اتودهی,1
بخاردهیش,1
اتونوشته,1
متحیر,1
پرسی,1
نشوید,1
دستتان,1
بیاندازه,1
گزارش,1
جوشوندنش,1
میترسیدم,1
انگشتش,1
قدیمیدارم,1
بمعنای,1
تایوانی,1
ابزارم,1
میلواکی,1
کفتم,1
چرکین,1
برگردونن,1
دیوات,1
رضایتمو,1
لباسایه,1
پارچههای,1
چطوریه,1
قطعیت,1
برندو,1
سرمتههای,1
نامشو,1
دوش,1
حصاب,1
آجرهای,1
الومنیم,1
اهنا,1
قبله,1
رابتش,1
بچرخونید,1
همینطوری,1
خزینشم,1
متقارنه,1
لزوما,1
سبکن,1
وبسته,1
لوازمش,1
آهنه,1
پیرانای,1
کر,1
جزعه,1
جنسای,1
لازمش,1
شیارش,1
فورا,1
لرزه,1
قنجاییش,1
کتریها,1
البطه,1
وبعضی,1
مزه,1
مهمون,1
شیکو,1
کلاسه,1
لظه,1
ینکه,1
اتاقهای,1
اشگفتانگیز,1
عیلرغم,1
مرتبه,1
مشهد,1
اظهار,1
آوازه,1
مینمود,1
دب,1
ترازوی,1
تارا,1
پارسنگ,1
اصالتا,1
آرزوی,1
کته,1
ملایمه,1
متناسبه,1
قدرتهای,1
همزنها,1
مجموعههای,1
ندهی,1
کودکان,1
جاروبرقیها,1
جنبی,1
نزده,1
نقدی,1
محصولاتتونو,1
نمیزارید,1
وکیفیتش,1
چهارسوی,1
خاردار,1
شونده,1
اطیمنان,1
بابات,1
بادریل,1
باکسش,1
راسته,1
ویادتون,1
نوکش,1
آلن,1
سریهایی,1
پخ,1
بچشید,1
چبنی,1
سیهاوی,1
سلولزی,1
ریزترین,1
اسیاب,1
ایلی,1
موکاپات,1
بابتشون,1
همسر,1
بچههای,1
ذهنتون,1
عصری,1
بخوریم,1
اسبابش,1
آسیابی,1
آسیابه,1
بسیارکاربردی,1
اصلاحا,1
وحداکثر,1
ایستادن,1
خشکبار,1
کیفییت,1
خدریدم,1
فقل,1
میترسم,1
میکر,1
اله,1
نمیگردین,1
ااگر,1
وقتایی,1
لعنت,1
لباسا,1
رونتا,1
مادرشوهرم,1
خجالت,1
درجش,1
خارجیها,1
آقایان,1
وبلندی,1
موید,1
دستان,1
بکس,1
پشتوانه,1
عزیزمان,1
اسموتی,1
عاااااااالیه,1
استامبولی,1
انتقادها,1
اتفاقها,1
همینجوری,1
رسوبم,1
گارارانتیش,1
بیتها,1
کاراییها,1
سولفات,1
نگرانم,1
گریلهای,1
تفاوتهای,1
اوپتی,1
هوشمندی,1
عربی,1
پوشیدن,1
دستکش,1
کوفته,1
کوفتگی,1
فردای,1
اسنک,1
کمیبزرگه,1
قفلشم,1
کمیقلق,1
منرا,1
گیریلشو,1
بخاطره,1
گیریله,1
امق,1
وقفلشم,1
همیک,1
استفادش,1
قفلشو,1
قفلش,1
انورتر,1
خونم,1
یکدفعه,1
برقیهای,1
تلنگش,1
میفروشند,1
روغنش,1
نفرس,1
گتری,1
کناره,1
کمیسفته,1
کبابی,1
مغز,1
چرخوندم,1
راهنماست,1
فیله,1
مخصولا,1
یادشون,1
جایگاهی,1
بازشونده,1
بارگیری,1
رابه,1
تیپاکس,1
طنابها,1
کمکت,1
بزارمش,1
کرایه,1
دیدمم,1
زخمیشده,1
نئوپان,1
رسم,1
خدشه,1
متقبل,1
کارآییش,1
معتبرتری,1
وحشتناکی,1
هول,1
اتوش,1
بدهد,1
پیرکس,1
وخبری,1
ومادرم,1
درمجموع,1
محصولوانتخاب,1
مانده,1
ابتدایی,1
عزیزمون,1
آمپلیفایر,1
رازی,1
جمو,1
جنسشم,1
ابهت,1
اسپانیا,1
فروشگاههای,1
بیتسهای,1
فیکه,1
جه,1
باشاسی,1
بهداشتی,1
پشمیپارچه,1
فشارش,1
خوبیاش,1
جرمگیر,1
سرکه,1
حات,1
مقاوتی,1
بیکیفیتند,1
تخم,1
لباسی,1
تاز,1
کمیمیگیره,1
لطفن,1
جعبشو,1
نمیکنیم,1
نمیدادن,1
تاکیذ,1
گیرشان,1
آمددر,1
رسیدو,1
مملو,1
ارزشدر,1
آشفته,1
میگرددکه,1
طبیعتاً,1
ترفند,1
ماکیتادر,1
باطریهای,1
خودنیز,1
فروشیهای,1
آباد,1
دارنددر,1
بادومیا,1
سرکار,1
کمپکت,1
طالبشه,1
بدمش,1
امانت,1
داغونش,1
نمیسوزونه,1
جینگولک,1
دوقلو,1
دائمیندارد,1
مصرفه,1
پولیشکاری,1
سمباده,1
گازتون,1
بخوریه,1
گازهای,1
خوشگلتر,1
گرونترش,1
اکولایزرهای,1
وتنظیم,1
وتریبل,1
احسن,1
گوشهاتو,1
بسیاردستگاه,1
آمدی,1
وسلامتی,1
خردیدمش,1
محصولاته,1
واندازه,1
برندکیچن,1
میخ,1
فولادی,1
سیمانی,1
میزده,1
سورخکاری,1
حملشم,1
میبرین,1
گرانیتم,1
گرانیتهای,1
خونرو,1
الماس,1
ابزارسازی,1
بتون,1
نخرینش,1
کیفبت,1
مطمنا,1
کرون,1
توسان,1
عرضتون,1
برسونم,1
منوط,1
ادواری,1
سالیانه,1
اهم,1
صف,1
صبورانه,1
منتظرید,1
مچکریم,1
خدماتشون,1
مصالح,1
ساختمانی,1
دیج,1
دگمهها,1
مکمیو,1
مخلوطکن,1
اهنگو,1
برسید,1
کارآمده,1
خو,1
بانوان,1
وسایلم,1
قبلبی,1
کفیهای,1
انداختید,1
تقاضای,1
کجاست,1
مهمتری,1
دومیچند,1
متوقفش,1
نقصشان,1
ابزارهارو,1
اینهل,1
ومتابو,1
محک,1
ابزارها,1
میکتم,1
بسوزونه,1
انا,1
علفها,1
خارو,1
خاشاک,1
بنزینیس,1
سیمشون,1
دستوپا,1
فرصته,1
حدوده,1
چرخونه,1
حساسم,1
مستقیمیبین,1
کتمان,1
فراوونه,1
گیراومد,1
کوبها,1
نووا,1
روکس,1
صدرا,1
سیدیوارپوش,1
اجزاش,1
ناهنجاری,1
ناهنجارش,1
خوشش,1
فپق,1
العاده,1
پنکههای,1
قولی,1
رسوندیش,1
کمیملایمتر,1
دوسانت,1
دمنده,1
جانبیهای,1
اسلوونى,1
بامزه,1
نرود,1
نماى,1
الومینیوم,1
بازاره,1
محرومیم,1
ساراند,1
اپارتمانهای,1
امکانشو,1
میخاید,1
یاماهابرای,1
اشون,1
امپاشون,1
ودیشب,1
وتمام,1
ادرس,1
بفرامایند,1
ماهِ,1
دستگاههایى,1
دستگاههاى,1
کمیگردو,1
کرفتم,1
گوشگوب,1
برقیها,1
گوشتگوب,1
سفتترین,1
موادو,1
کوبى,1
فسنجان,1
خراشی,1
یکمی,1
پیمانه,1
ندیده,1
ممنوم,1
امنی,1
ممنپنم,1
پرندگان,1
اسنوز,1
قلمی,1
تان,1
گنجایشش,1
نوشیدن,1
نسکافه,1
بخ,1
ره,1
متیونین,1
زوری,1
دریلش,1
بازوهای,1
میشکنه,1
تکنیکس,1
ماتسوشیتا,1
تصاویری,1
طراز,1
برترین,1
خاور,1
بعده,1
نچرخید,1
نکردمولی,1
نقاطی,1
میزی,1
آسیبهای,1
قطور,1
گویای,1
نقایص,1
کلاچ,1
مترها,1
مشترکه,1
دردم,1
فریمهای,1
دیوارها,1
ورنداره,1
اصلیمو,1
لوازمات,1
دریله,1
راجه,1
فعلن,1
مقوایی,1
آرایی,1
اجسام,1
پروفیل,1
دوران,1
پسوند,1
حملی,1
تنوعش,1
دیحیکالا,1
خوبیهاش,1
هزارتا,1
دیمر,1
لگد,1
نزنه,1
مجبورشدم,1
